Date,4234109,5029036,5430049,5725006
2011-01-01,66.4,13.7,7.4,22.6
2011-01-02,6.8,60.1,8.1,52.0
2011-01-03,0.5,12.9,0.0,0.0
2011-01-04,0.9,7.0,1.2,16.0
2011-01-05,37.3,133.9,24.1,54.5
2011-01-06,200.6,186.4,207.9,182.3
2011-01-07,38.0,39.7,123.3,214.3
2011-01-08,15.5,32.0,6.0,7.3
2011-01-09,9.7,2.8,0.3,1.3
2011-01-10,23.5,10.8,5.7,10.7
2011-01-11,0.0,0.0,0.0,0.0
2011-01-12,0.0,0.0,0.0,0.0
2011-01-13,3.0,0.0,0.0,0.0
2011-01-14,51.5,0.0,0.0,0.0
2011-01-15,0.0,3.0,0.0,0.0
2011-01-16,1.6,0.0,0.0,1.2
2011-01-17,28.4,10.8,0.0,3.3
2011-01-18,0.0,0.2,0.0,0.0
2011-01-19,0.0,0.0,0.0,0.0
2011-01-20,0.0,0.0,0.0,0.0
2011-01-21,0.0,0.0,0.0,0.0
2011-01-22,0.0,0.0,0.0,0.0
2011-01-23,0.0,1.5,0.4,0.4
2011-01-24,1.0,10.7,3.6,26.0
2011-01-25,3.3,13.5,1.9,13.1
2011-01-26,7.7,26.3,1.4,6.2
2011-01-27,2.6,27.5,2.5,13.2
2011-01-28,2.9,58.9,6.3,16.5
2011-01-29,20.9,34.4,0.4,4.2
2011-01-30,19.5,34.4,5.1,30.8
2011-01-31,6.8,8.2,1.8,11.4
2011-02-01,4.3,32.5,3.2,11.2
2011-02-02,2.3,2.3,2.0,5.6
2011-02-03,3.6,1.5,0.0,0.0
2011-02-04,0.0,0.0,0.0,0.0
2011-02-05,0.0,0.0,0.5,0.0
2011-02-06,0.0,0.0,0.0,0.0
2011-02-07,0.0,0.0,0.0,0.0
2011-02-08,0.0,0.0,0.0,0.0
2011-02-09,0.0,0.0,0.0,0.0
2011-02-10,0.0,0.0,0.0,0.0
2011-02-11,0.0,0.0,0.0,0.0
2011-02-12,0.0,0.0,0.0,0.0
2011-02-13,0.0,0.0,0.0,0.0
2011-02-14,0.5,0.4,0.0,0.0
2011-02-15,6.0,31.2,6.0,0.0
2011-02-16,0.0,0.9,0.0,0.0
2011-02-17,0.0,0.0,0.0,0.0
2011-02-18,0.0,0.0,0.0,0.0
2011-02-19,0.0,0.0,0.0,0.0
2011-02-20,0.0,0.0,0.0,0.0
2011-02-21,2.2,0.5,0.4,0.8
2011-02-22,0.3,45.9,1.1,6.1
2011-02-23,0.0,19.4,0.0,1.2
2011-02-24,0.4,0.2,0.0,0.0
2011-02-25,3.0,1.0,0.0,0.0
2011-02-26,0.6,0.0,0.0,0.0
2011-02-27,0.0,0.0,0.0,0.0
2011-02-28,0.0,0.0,0.0,0.0
2011-03-01,0.0,0.0,0.0,0.0
2011-03-02,0.0,0.0,0.0,0.0
2011-03-03,0.0,0.0,0.0,0.0
2011-03-04,0.0,0.0,0.0,0.0
2011-03-05,0.0,0.0,0.0,0.4
2011-03-06,0.0,2.5,0.0,6.6
2011-03-07,0.4,0.5,3.5,0.4
2011-03-08,75.6,72.6,60.8,50.6
2011-03-09,2.5,130.9,2.8,86.3
2011-03-10,5.6,10.3,2.0,0.6
2011-03-11,50.3,43.1,34.5,11.2
2011-03-12,7.3,87.6,39.5,59.1
2011-03-13,1.2,5.0,0.0,2.2
2011-03-14,0.9,2.5,0.0,4.0
2011-03-15,25.6,34.3,45.9,0.9
2011-03-16,94.7,67.0,91.6,6.4
2011-03-17,15.3,99.2,21.0,6.6
2011-03-18,0.4,2.5,5.5,0.3
2011-03-19,6.4,11.5,0.5,0.6
2011-03-20,3.9,38.5,19.3,9.2
2011-03-21,6.3,27.0,7.1,3.3
2011-03-22,12.5,16.7,0.6,0.5
2011-03-23,7.5,0.8,82.8,11.9
2011-03-24,16.2,100.4,42.1,74.0
2011-03-25,15.3,12.6,223.7,10.5
2011-03-26,11.0,0.5,55.0,27.6
2011-03-27,0.0,1.5,31.1,17.5
2011-03-28,2.8,1.9,151.2,4.7
2011-03-29,81.5,119.4,167.6,125.3
2011-03-30,3.5,11.4,123.4,60.7
2011-03-31,1.1,11.7,14.7,2.4
2011-04-01,0.5,20.0,0.4,0.5
2011-04-02,0.5,3.1,1.6,1.5
2011-04-03,0.0,11.0,0.0,0.0
2011-04-04,0.0,7.5,0.5,0.0
2011-04-05,0.0,0.0,0.4,0.0
2011-04-06,0.0,0.0,0.1,1.0
2011-04-07,0.0,0.0,0.0,0.0
2011-04-08,0.0,0.0,0.0,0.0
2011-04-09,18.7,14.7,11.3,1.5
2011-04-10,31.1,272.1,6.4,32.5
2011-04-11,27.2,0.3,0.8,0.0
2011-04-12,0.0,0.0,0.0,0.0
2011-04-13,0.0,0.0,1.6,0.0
2011-04-14,0.5,0.4,6.9,0.0
2011-04-15,15.5,21.1,0.0,0.0
2011-04-16,0.0,0.0,0.0,0.0
2011-04-17,0.0,1.8,0.0,0.0
2011-04-18,0.0,1.2,0.0,0.5
2011-04-19,0.0,6.0,0.5,0.0
2011-04-20,0.0,0.0,0.0,0.0
2011-04-21,0.0,0.0,0.0,0.0
2011-04-22,0.0,0.0,0.0,0.0
2011-04-23,0.0,0.0,0.0,0.0
2011-04-24,0.0,0.0,0.0,0.0
2011-04-25,0.0,0.0,0.0,0.0
2011-04-26,0.0,2.3,0.9,0.0
2011-04-27,0.0,0.2,0.1,0.0
2011-04-28,0.0,0.0,0.0,0.0
2011-04-29,0.0,0.0,2.5,0.0
2011-04-30,0.4,0.0,0.0,0.0
2011-05-01,2.1,0.0,0.0,6.7
2011-05-02,0.0,0.0,0.0,1.8
2011-05-03,0.0,0.0,0.0,0.4
2011-05-04,0.0,7.0,2.5,2.4
2011-05-05,16.5,16.0,0.0,2.1
2011-05-06,14.5,0.0,0.0,0.0
2011-05-07,0.0,7.5,0.0,0.0
2011-05-08,0.0,21.2,4.0,6.1
2011-05-09,0.0,0.8,2.0,55.0
2011-05-10,0.4,0.5,19.0,1.4
2011-05-11,0.5,12.9,0.0,3.5
2011-05-12,40.1,14.1,3.5,7.0
2011-05-13,0.0,0.0,0.0,0.5
2011-05-14,0.0,0.0,0.4,1.5
2011-05-15,0.0,5.8,8.5,0.5
2011-05-16,0.0,0.2,0.0,0.0
2011-05-17,1.0,0.0,0.0,0.0
2011-05-18,0.0,2.0,0.0,0.0
2011-05-19,0.0,11.0,0.0,0.0
2011-05-20,0.0,1.0,0.0,17.0
2011-05-21,24.5,4.5,0.4,0.5
2011-05-22,50.0,1.0,3.1,3.5
2011-05-23,0.9,28.0,0.0,1.0
2011-05-24,2.6,1.5,0.4,8.5
2011-05-25,0.0,3.0,5.0,35.0
2011-05-26,2.3,0.4,6.1,0.9
2011-05-27,18.7,26.0,30.0,9.5
2011-05-28,0.0,1.6,0.4,0.0
2011-05-29,0.0,2.5,0.5,0.0
2011-05-30,0.5,0.4,0.6,0.0
2011-05-31,33.0,1.1,0.0,0.0
2011-06-01,8.2,0.0,0.0,5.0
2011-06-02,1.8,2.0,0.4,0.0
2011-06-03,0.5,0.0,11.6,0.0
2011-06-04,0.5,11.0,0.0,0.0
2011-06-05,0.0,0.5,0.4,2.0
2011-06-06,0.0,11.0,33.5,0.0
2011-06-07,0.0,13.0,4.6,28.7
2011-06-08,70.4,11.5,23.5,2.3
2011-06-09,2.1,1.0,2.5,0.0
2011-06-10,2.0,0.0,0.0,1.0
2011-06-11,0.0,2.0,0.4,5.1
2011-06-12,0.0,0.0,6.6,0.4
2011-06-13,0.4,10.4,0.4,16.0
2011-06-14,0.1,1.1,12.1,0.0
2011-06-15,33.9,0.0,1.5,54.5
2011-06-16,1.6,0.0,0.0,0.0
2011-06-17,0.0,13.6,8.3,0.0
2011-06-18,0.0,15.9,78.8,1.0
2011-06-19,0.0,0.0,1.0,0.5
2011-06-20,0.0,0.0,0.0,0.0
2011-06-21,0.4,0.5,0.0,68.5
2011-06-22,51.6,44.5,23.0,24.0
2011-06-23,0.0,0.0,0.0,0.5
2011-06-24,0.0,0.5,0.5,11.0
2011-06-25,0.0,3.0,12.0,1.2
2011-06-26,0.0,5.5,0.0,8.8
2011-06-27,0.0,25.5,0.0,0.5
2011-06-28,0.0,0.0,0.0,0.0
2011-06-29,0.0,45.0,0.0,0.0
2011-06-30,0.0,8.0,0.0,0.0
2011-07-01,0.0,0.0,0.0,0.0
2011-07-02,0.0,0.4,0.5,0.4
2011-07-03,0.0,1.6,0.0,18.6
2011-07-04,5.0,58.0,0.0,1.0
2011-07-05,0.0,2.0,0.0,0.0
2011-07-06,0.0,18.3,0.0,0.0
2011-07-07,0.0,0.2,23.5,3.5
2011-07-08,0.0,0.0,0.4,0.5
2011-07-09,0.0,0.0,34.6,0.0
2011-07-10,0.0,0.0,0.0,0.0
2011-07-11,0.0,0.0,0.0,0.0
2011-07-12,0.0,1.5,0.0,5.0
2011-07-13,0.0,33.5,0.0,4.2
2011-07-14,18.0,0.0,0.0,22.7
2011-07-15,0.0,20.5,0.0,40.5
2011-07-16,0.0,0.0,0.0,6.5
2011-07-17,0.0,0.0,5.3,27.6
2011-07-18,0.0,0.0,0.2,0.0
2011-07-19,0.0,0.0,2.5,0.0
2011-07-20,0.5,0.0,0.0,0.0
2011-07-21,7.0,0.0,0.0,2.0
2011-07-22,0.9,1.1,1.0,1.5
2011-07-23,5.1,9.1,12.0,9.0
2011-07-24,1.0,11.9,20.2,11.5
2011-07-25,0.0,0.0,13.0,8.0
2011-07-26,0.0,11.4,9.8,15.4
2011-07-27,0.4,0.6,0.0,8.1
2011-07-28,2.6,0.0,0.0,0.5
2011-07-29,1.0,0.0,0.0,0.0
2011-07-30,0.0,0.0,0.0,0.0
2011-07-31,0.0,0.0,0.0,0.0
2011-08-01,0.0,0.0,0.0,0.0
2011-08-02,0.0,0.0,0.0,0.0
2011-08-03,0.0,36.0,0.0,4.0
2011-08-04,0.0,0.0,0.0,0.0
2011-08-05,0.0,0.0,0.0,0.0
2011-08-06,0.5,0.4,2.7,0.0
2011-08-07,45.5,24.1,44.3,0.5
2011-08-08,0.5,2.0,0.0,0.0
2011-08-09,0.5,3.0,0.0,0.0
2011-08-10,0.0,15.0,0.0,0.0
2011-08-11,0.0,0.0,0.0,0.3
2011-08-12,3.0,3.0,9.5,41.7
2011-08-13,0.0,7.5,0.0,18.5
2011-08-14,0.0,1.0,0.0,0.0
2011-08-15,0.5,1.0,1.0,0.0
2011-08-16,0.0,2.0,0.0,15.5
2011-08-17,0.0,0.0,0.0,0.4
2011-08-18,0.0,0.0,0.0,0.1
2011-08-19,0.4,70.0,0.0,0.0
2011-08-20,25.1,0.0,0.4,0.0
2011-08-21,0.0,0.0,0.1,0.0
2011-08-22,35.0,53.5,0.5,8.1
2011-08-23,57.5,0.8,0.4,3.9
2011-08-24,10.5,1.7,1.1,0.5
2011-08-25,0.0,29.7,25.2,17.7
2011-08-26,0.0,6.3,5.3,0.8
2011-08-27,10.0,35.4,15.1,0.0
2011-08-28,2.0,8.6,18.8,16.7
2011-08-29,40.5,15.0,7.6,0.3
2011-08-30,0.0,0.0,0.0,0.0
2011-08-31,0.0,22.0,32.0,9.5
2011-09-01,0.0,0.5,0.0,0.0
2011-09-02,3.5,3.5,22.0,4.5
2011-09-03,0.0,0.0,7.5,0.0
2011-09-04,0.0,9.5,0.0,0.0
2011-09-05,0.0,9.0,0.0,0.0
2011-09-06,0.0,0.0,0.5,9.8
2011-09-07,0.0,10.8,0.0,7.2
2011-09-08,0.0,2.2,6.0,1.0
2011-09-09,25.8,1.4,56.0,7.0
2011-09-10,1.2,27.4,23.0,14.5
2011-09-11,1.5,0.2,3.6,0.0
2011-09-12,0.5,0.0,0.0,0.0
2011-09-13,0.5,2.0,0.0,0.0
2011-09-14,0.0,22.0,0.0,3.0
2011-09-15,0.0,2.0,0.0,4.5
2011-09-16,0.0,0.0,7.0,0.0
2011-09-17,8.5,13.0,0.0,0.0
2011-09-18,17.5,22.0,7.5,19.0
2011-09-19,13.0,0.5,0.4,1.5
2011-09-20,1.2,36.1,9.9,27.5
2011-09-21,21.3,1.2,2.4,13.5
2011-09-22,0.0,18.1,9.1,35.5
2011-09-23,0.0,2.6,3.3,0.0
2011-09-24,0.0,0.0,5.4,0.0
2011-09-25,4.4,54.6,2.8,13.0
2011-09-26,54.9,20.4,37.7,18.5
2011-09-27,0.2,0.5,43.5,7.0
2011-09-28,3.5,0.0,0.0,0.0
2011-09-29,0.0,0.0,9.0,8.0
2011-09-30,0.5,0.0,0.0,0.0
2011-10-01,16.6,12.0,15.0,1.5
2011-10-02,12.9,2.8,23.5,7.5
2011-10-03,3.0,26.2,15.8,13.0
2011-10-04,5.5,23.5,19.2,35.6
2011-10-05,24.3,75.2,32.5,46.4
2011-10-06,0.2,0.8,1.5,0.5
2011-10-07,68.9,20.4,0.0,44.2
2011-10-08,3.6,2.6,46.0,9.3
2011-10-09,0.0,0.0,0.0,8.0
2011-10-10,14.9,19.1,0.8,64.6
2011-10-11,26.1,1.4,2.2,11.9
2011-10-12,0.0,1.5,16.5,11.5
2011-10-13,0.0,0.0,0.0,0.0
2011-10-14,0.0,0.0,0.0,0.0
2011-10-15,0.0,31.0,0.0,0.0
2011-10-16,0.0,5.5,0.0,0.0
2011-10-17,2.9,5.0,0.3,10.4
2011-10-18,10.5,15.9,34.0,34.4
2011-10-19,21.4,2.6,19.6,10.2
2011-10-20,13.1,16.8,0.8,0.6
2011-10-21,0.4,26.2,6.2,4.4
2011-10-22,43.4,4.2,3.3,1.0
2011-10-23,1.1,1.4,19.6,2.3
2011-10-24,17.5,20.4,16.8,11.1
2011-10-25,4.1,9.5,1.2,29.5
2011-10-26,28.4,21.8,15.1,7.0
2011-10-27,77.1,27.7,39.5,30.0
2011-10-28,0.5,3.3,4.4,5.8
2011-10-29,26.6,27.0,18.7,12.8
2011-10-30,0.7,20.0,92.0,51.1
2011-10-31,27.0,37.5,17.8,44.2
2011-11-01,7.4,16.6,15.6,22.6
2011-11-02,8.7,2.0,1.0,8.1
2011-11-03,8.5,0.0,1.0,11.6
2011-11-04,0.0,0.0,20.0,0.8
2011-11-05,30.5,19.0,20.1,2.5
2011-11-06,1.0,0.0,12.9,13.0
2011-11-07,0.8,3.5,6.5,20.0
2011-11-08,10.2,0.0,0.0,64.5
2011-11-09,0.5,4.5,0.0,0.0
2011-11-10,0.0,3.5,0.0,1.0
2011-11-11,9.0,0.0,0.0,0.0
2011-11-12,28.5,5.5,34.0,24.5
2011-11-13,3.4,5.9,13.8,1.4
2011-11-14,18.6,13.5,20.4,26.6
2011-11-15,4.3,5.3,38.1,30.3
2011-11-16,5.7,6.2,24.8,29.6
2011-11-17,0.0,0.0,0.0,0.0
2011-11-18,0.0,0.0,0.0,0.0
2011-11-19,0.4,0.4,0.5,2.1
2011-11-20,24.0,36.2,118.2,66.5
2011-11-21,117.0,99.0,97.8,89.3
2011-11-22,105.7,186.1,78.9,95.0
2011-11-23,170.3,177.5,97.4,147.7
2011-11-24,31.5,39.2,28.8,36.9
2011-11-25,8.0,46.7,14.9,0.5
2011-11-26,27.0,57.7,2.0,2.9
2011-11-27,15.2,60.8,0.4,0.7
2011-11-28,32.9,31.6,5.7,8.4
2011-11-29,49.2,78.3,2.0,0.5
2011-11-30,14.1,7.2,3.5,0.0
2011-12-01,1.6,27.5,7.5,0.3
2011-12-02,0.0,0.0,0.0,2.2
2011-12-03,0.5,0.0,7.0,0.0
2011-12-04,13.5,74.2,66.2,77.5
2011-12-05,26.8,12.7,2.3,0.0
2011-12-06,0.6,2.6,0.0,0.0
2011-12-07,13.6,0.0,0.0,0.0
2011-12-08,0.0,0.0,0.0,0.0
2011-12-09,0.5,0.4,0.5,0.0
2011-12-10,118.2,94.7,5.0,0.4
2011-12-11,45.1,37.9,6.5,67.3
2011-12-12,131.2,19.0,42.5,61.8
2011-12-13,0.0,0.0,0.0,0.5
2011-12-14,0.0,0.0,0.4,1.4
2011-12-15,12.2,6.0,112.6,107.7
2011-12-16,56.5,98.7,18.1,21.7
2011-12-17,7.1,56.3,6.4,10.7
2011-12-18,7.7,37.7,0.4,2.4
2011-12-19,3.3,17.0,16.5,32.5
2011-12-20,6.6,6.0,17.0,3.4
2011-12-21,38.3,64.0,32.8,21.7
2011-12-22,4.2,11.9,0.8,3.5
2011-12-23,6.1,13.2,1.0,0.0
2011-12-24,9.3,13.5,0.0,1.1
2011-12-25,6.2,7.7,0.5,0.9
2011-12-26,2.8,3.8,0.5,0.4
2011-12-27,6.9,23.1,1.3,12.3
2011-12-28,27.6,18.6,0.3,10.7
2011-12-29,0.9,5.0,6.5,1.4
2011-12-30,57.9,27.0,33.8,18.7
2011-12-31,1.8,37.6,109.3,51.9
2012-01-01,3.9,67.2,53.8,162.9
2012-01-02,28.0,93.7,7.4,94.0
2012-01-03,0.1,1.5,2.2,0.0
2012-01-04,0.0,0.3,0.0,0.3
2012-01-05,0.0,3.7,0.0,1.2
2012-01-06,0.0,0.0,0.0,0.0
2012-01-07,1.2,30.5,0.0,0.0
2012-01-08,3.8,14.0,3.5,19.7
2012-01-09,8.8,8.0,4.2,6.9
2012-01-10,7.5,37.2,2.8,3.4
2012-01-11,22.6,60.3,4.8,4.6
2012-01-12,18.4,79.2,9.3,2.2
2012-01-13,174.4,142.8,16.2,9.3
2012-01-14,14.8,61.5,1.7,4.3
2012-01-15,0.0,1.0,57.0,58.1
2012-01-16,0.0,0.0,43.3,4.6
2012-01-17,17.5,0.0,10.7,1.0
2012-01-18,0.0,47.0,7.3,32.6
2012-01-19,0.5,17.3,0.6,1.5
2012-01-20,1.0,19.2,7.0,17.5
2012-01-21,0.0,0.0,0.0,0.0
2012-01-22,0.0,0.0,0.5,0.0
2012-01-23,0.5,0.0,0.0,0.0
2012-01-24,0.0,0.0,0.0,0.0
2012-01-25,0.0,0.0,0.0,0.0
2012-01-26,0.4,0.0,0.5,0.0
2012-01-27,88.5,46.8,0.5,1.9
2012-01-28,71.6,19.4,66.2,11.2
2012-01-29,8.5,11.2,0.9,16.2
2012-01-30,1.0,2.6,0.5,4.5
2012-01-31,1.0,18.7,2.0,36.7
2012-02-01,0.9,25.1,3.5,2.0
2012-02-02,3.2,14.9,4.5,0.5
2012-02-03,3.4,5.2,0.4,0.0
2012-02-04,0.0,1.5,0.5,0.0
2012-02-05,0.4,10.5,0.6,0.0
2012-02-06,11.1,0.5,0.0,0.0
2012-02-07,0.0,0.0,0.0,0.0
2012-02-08,0.0,0.0,0.0,0.0
2012-02-09,0.0,0.0,0.0,0.0
2012-02-10,0.4,0.5,0.0,0.0
2012-02-11,2.5,55.4,0.0,2.0
2012-02-12,1.6,17.4,0.0,1.0
2012-02-13,1.0,3.2,0.0,0.0
2012-02-14,0.0,0.0,0.0,1.0
2012-02-15,0.0,0.0,0.0,0.0
2012-02-16,0.0,0.0,0.0,0.0
2012-02-17,0.0,7.5,0.0,0.0
2012-02-18,2.6,4.5,2.5,0.0
2012-02-19,14.3,15.5,0.0,0.0
2012-02-20,0.1,2.5,0.0,0.0
2012-02-21,0.0,0.0,0.0,0.0
2012-02-22,0.0,0.0,0.0,0.0
2012-02-23,0.0,0.5,0.0,0.0
2012-02-24,0.0,1.0,0.0,0.0
2012-02-25,0.0,0.0,0.0,0.0
2012-02-26,0.0,0.0,0.0,0.0
2012-02-27,3.3,5.4,3.3,0.0
2012-02-28,0.6,11.1,10.2,0.4
2012-02-29,7.0,1.1,0.8,20.6
2012-03-01,4.5,14.0,18.1,9.6
2012-03-02,21.5,97.8,56.7,34.8
2012-03-03,49.7,30.2,148.4,82.9
2012-03-04,0.0,0.5,0.0,2.0
2012-03-05,19.5,12.5,109.0,4.6
2012-03-06,0.0,0.0,0.5,0.0
2012-03-07,0.6,0.0,0.8,1.0
2012-03-08,53.4,3.0,8.7,0.9
2012-03-09,0.0,20.0,0.5,1.0
2012-03-10,0.4,0.4,1.5,3.1
2012-03-11,16.0,33.5,40.4,18.3
2012-03-12,92.6,45.1,16.8,20.2
2012-03-13,38.3,24.0,8.1,0.0
2012-03-14,5.2,3.0,3.8,0.3
2012-03-15,17.0,12.5,5.3,2.7
2012-03-16,0.0,0.0,0.0,0.0
2012-03-17,0.0,0.0,0.0,0.0
2012-03-18,0.0,0.0,0.0,0.0
2012-03-19,0.0,0.0,0.0,0.0
2012-03-20,0.0,39.5,0.0,0.0
2012-03-21,0.0,0.0,0.0,0.0
2012-03-22,0.0,0.0,0.0,0.0
2012-03-23,0.0,0.0,0.0,0.0
2012-03-24,0.0,7.0,0.0,0.0
2012-03-25,0.0,0.0,0.0,0.0
2012-03-26,5.5,29.5,1.5,0.0
2012-03-27,0.5,0.5,0.0,0.5
2012-03-28,0.0,0.0,0.0,0.0
2012-03-29,0.0,0.4,0.0,0.0
2012-03-30,0.5,2.1,0.0,0.0
2012-03-31,7.0,29.5,0.0,0.4
2012-04-01,1.5,58.9,6.0,20.6
2012-04-02,18.5,8.6,10.5,4.0
2012-04-03,8.5,2.0,9.0,0.0
2012-04-04,0.0,4.5,0.0,0.5
2012-04-05,0.4,0.0,0.0,1.2
2012-04-06,3.1,10.5,14.5,21.8
2012-04-07,0.3,0.0,0.0,0.0
2012-04-08,7.5,2.0,19.3,7.6
2012-04-09,6.2,8.5,8.1,4.9
2012-04-10,0.0,0.0,0.6,0.0
2012-04-11,0.4,11.0,0.5,0.0
2012-04-12,44.1,10.0,0.0,0.0
2012-04-13,0.4,0.0,0.4,0.0
2012-04-14,8.1,30.0,25.1,0.0
2012-04-15,1.5,0.5,0.0,0.0
2012-04-16,2.3,0.0,0.0,0.0
2012-04-17,6.7,0.0,0.0,0.0
2012-04-18,0.4,3.3,0.0,1.0
2012-04-19,0.1,0.2,0.0,0.0
2012-04-20,0.0,48.5,0.0,0.0
2012-04-21,0.0,3.5,0.0,15.0
2012-04-22,0.0,0.0,0.0,0.0
2012-04-23,0.4,0.0,0.0,0.0
2012-04-24,19.6,1.0,0.0,0.0
2012-04-25,0.0,0.0,0.0,2.0
2012-04-26,0.0,0.0,0.0,0.0
2012-04-27,0.0,37.5,0.0,0.5
2012-04-28,0.5,0.0,0.0,0.5
2012-04-29,28.0,35.5,23.3,40.5
2012-04-30,0.0,16.0,0.7,0.0
2012-05-01,0.0,21.0,0.0,0.0
2012-05-02,38.0,8.1,0.0,38.0
2012-05-03,0.0,0.4,0.0,0.0
2012-05-04,3.0,24.5,17.0,32.5
2012-05-05,44.5,1.0,1.0,0.0
2012-05-06,0.5,9.4,11.5,34.0
2012-05-07,0.0,0.6,0.0,0.5
2012-05-08,1.0,7.0,0.7,0.0
2012-05-09,1.0,25.1,1.8,0.0
2012-05-10,0.0,46.9,0.0,0.0
2012-05-11,2.0,0.0,0.0,0.0
2012-05-12,5.6,0.0,0.0,20.5
2012-05-13,1.9,0.0,0.0,0.5
2012-05-14,4.7,0.5,0.0,5.3
2012-05-15,0.8,0.5,0.0,0.7
2012-05-16,18.0,0.0,0.0,1.0
2012-05-17,0.0,0.0,0.5,9.0
2012-05-18,0.0,0.0,0.0,0.5
2012-05-19,0.0,15.0,0.0,0.0
2012-05-20,1.0,25.7,0.0,0.0
2012-05-21,0.0,0.3,0.0,0.0
2012-05-22,0.0,1.0,1.5,22.0
2012-05-23,27.5,2.0,52.5,6.9
2012-05-24,5.0,4.3,14.6,9.1
2012-05-25,3.0,5.7,0.9,0.0
2012-05-26,0.0,0.5,3.7,0.0
2012-05-27,0.0,0.0,14.7,27.8
2012-05-28,0.0,17.0,23.7,25.6
2012-05-29,0.0,0.0,0.5,2.1
2012-05-30,0.5,1.5,0.0,0.5
2012-05-31,0.5,4.7,3.5,3.0
2012-06-01,3.0,40.9,4.0,4.0
2012-06-02,15.9,7.7,6.5,7.0
2012-06-03,4.1,0.2,0.0,12.5
2012-06-04,10.0,0.0,22.5,0.5
2012-06-05,16.1,0.0,0.0,1.0
2012-06-06,0.4,0.0,14.0,0.0
2012-06-07,0.0,0.0,8.5,7.0
2012-06-08,0.0,0.0,0.0,0.0
2012-06-09,0.0,0.0,0.0,8.0
2012-06-10,0.0,16.5,0.5,0.0
2012-06-11,0.0,0.0,24.5,0.0
2012-06-12,0.0,0.0,0.0,0.0
2012-06-13,0.0,0.0,2.0,0.0
2012-06-14,0.0,0.0,0.0,0.0
2012-06-15,0.0,0.0,0.0,0.0
2012-06-16,0.0,0.0,0.0,0.0
2012-06-17,0.0,0.0,0.0,0.0
2012-06-18,0.0,0.0,0.0,1.0
2012-06-19,0.0,0.0,10.5,0.0
2012-06-20,0.4,1.0,0.0,0.0
2012-06-21,40.6,1.5,5.9,5.0
2012-06-22,0.0,0.0,0.6,0.0
2012-06-23,0.0,0.5,5.0,0.0
2012-06-24,17.5,1.5,0.5,0.0
2012-06-25,0.0,0.0,0.0,0.0
2012-06-26,0.0,0.0,15.7,0.5
2012-06-27,0.0,1.0,0.3,0.5
2012-06-28,0.0,0.0,0.0,0.0
2012-06-29,0.0,0.0,0.0,0.0
2012-06-30,0.0,0.0,0.0,0.0
2012-07-01,0.0,0.0,0.0,0.4
2012-07-02,5.5,2.5,0.0,0.1
2012-07-03,0.6,0.0,4.0,1.4
2012-07-04,16.9,36.5,27.5,21.5
2012-07-05,15.0,6.5,0.5,30.1
2012-07-06,0.4,26.0,1.5,0.8
2012-07-07,0.1,7.5,0.0,2.1
2012-07-08,18.3,28.7,0.4,0.5
2012-07-09,18.7,29.3,38.1,9.0
2012-07-10,0.4,0.4,0.0,0.1
2012-07-11,2.6,1.1,0.4,0.0
2012-07-12,0.0,1.5,10.6,18.0
2012-07-13,0.0,0.0,0.0,0.5
2012-07-14,0.0,0.0,0.0,10.0
2012-07-15,0.0,37.0,0.4,0.5
2012-07-16,0.0,0.3,0.1,0.0
2012-07-17,27.0,4.2,0.5,11.5
2012-07-18,0.0,28.4,3.0,1.0
2012-07-19,1.6,8.2,44.6,0.0
2012-07-20,1.4,1.0,0.4,0.0
2012-07-21,0.0,0.0,4.0,0.0
2012-07-22,21.0,14.5,31.5,14.5
2012-07-23,15.5,3.5,18.0,14.5
2012-07-24,0.0,0.0,0.0,4.5
2012-07-25,0.0,0.0,0.0,0.0
2012-07-26,0.5,0.0,0.0,0.0
2012-07-27,18.0,0.0,0.0,0.0
2012-07-28,1.0,0.0,0.0,0.0
2012-07-29,0.0,0.0,0.0,0.0
2012-07-30,0.0,0.0,0.0,0.0
2012-07-31,0.0,0.0,0.0,0.0
2012-08-01,0.0,4.5,0.0,3.5
2012-08-02,0.0,0.0,1.5,1.0
2012-08-03,0.0,0.4,0.0,3.0
2012-08-04,0.4,0.4,0.4,8.4
2012-08-05,57.1,6.2,4.1,51.1
2012-08-06,84.5,0.3,0.0,1.5
2012-08-07,16.4,25.2,12.0,1.0
2012-08-08,1.6,0.0,0.4,0.5
2012-08-09,0.4,0.0,30.6,15.4
2012-08-10,0.1,0.0,0.0,0.6
2012-08-11,0.4,0.5,0.0,0.4
2012-08-12,8.1,2.0,0.0,45.6
2012-08-13,6.4,0.4,0.0,0.0
2012-08-14,30.1,6.1,0.0,0.0
2012-08-15,1.0,0.5,1.5,2.5
2012-08-16,3.5,8.5,2.5,0.0
2012-08-17,16.4,11.0,0.0,6.5
2012-08-18,1.1,0.0,0.0,0.0
2012-08-19,0.0,4.5,0.0,0.0
2012-08-20,0.0,0.0,0.0,0.0
2012-08-21,1.7,0.0,0.0,0.0
2012-08-22,21.3,0.0,0.0,13.5
2012-08-23,5.4,0.0,0.0,1.0
2012-08-24,4.1,0.5,0.5,3.0
2012-08-25,0.0,0.0,0.0,0.0
2012-08-26,14.0,0.0,0.0,0.0
2012-08-27,3.5,0.5,18.4,2.9
2012-08-28,3.5,10.5,2.9,2.6
2012-08-29,0.0,0.0,0.2,7.8
2012-08-30,8.5,4.0,0.0,27.7
2012-08-31,0.0,0.0,0.0,0.0
2012-09-01,0.0,59.0,5.0,22.5
2012-09-02,54.5,4.5,2.0,12.5
2012-09-03,4.0,0.4,0.0,0.5
2012-09-04,40.4,14.1,0.5,4.6
2012-09-05,1.1,8.5,4.0,18.4
2012-09-06,0.0,0.0,0.0,0.0
2012-09-07,0.0,1.0,9.5,20.5
2012-09-08,4.4,0.0,0.5,0.0
2012-09-09,0.6,0.0,0.0,0.0
2012-09-10,0.8,0.0,0.4,6.0
2012-09-11,18.6,39.0,9.5,5.5
2012-09-12,18.6,2.7,3.9,17.5
2012-09-13,10.6,21.8,23.3,0.5
2012-09-14,25.9,0.1,9.3,16.5
2012-09-15,0.0,7.0,4.0,8.0
2012-09-16,12.5,3.5,0.0,0.0
2012-09-17,13.5,0.0,2.0,1.5
2012-09-18,0.0,9.5,0.4,0.5
2012-09-19,0.5,4.4,25.7,28.5
2012-09-20,12.5,8.4,26.4,0.0
2012-09-21,28.5,0.7,0.0,0.5
2012-09-22,0.0,1.5,0.0,0.0
2012-09-23,10.5,0.0,0.0,0.0
2012-09-24,36.0,44.0,18.9,13.0
2012-09-25,24.9,0.0,4.1,0.0
2012-09-26,2.6,13.0,20.5,5.5
2012-09-27,0.0,0.0,0.0,0.0
2012-09-28,0.0,0.0,2.0,0.0
2012-09-29,1.0,0.5,0.4,0.5
2012-09-30,0.5,0.3,16.1,0.8
2012-10-01,0.0,0.7,1.0,1.2
2012-10-02,0.0,0.0,0.0,0.0
2012-10-03,0.5,0.0,15.0,30.5
2012-10-04,23.5,18.0,11.5,6.0
2012-10-05,5.0,0.0,0.0,0.5
2012-10-06,42.6,7.5,4.5,17.0
2012-10-07,10.4,33.0,0.5,7.5
2012-10-08,0.5,3.8,1.2,24.2
2012-10-09,0.0,7.2,0.3,0.3
2012-10-10,29.5,19.5,0.0,0.0
2012-10-11,1.0,79.5,0.0,0.0
2012-10-12,4.3,1.0,0.4,0.0
2012-10-13,3.2,20.0,2.1,0.0
2012-10-14,0.0,36.0,1.1,6.3
2012-10-15,0.5,11.0,6.4,0.7
2012-10-16,22.5,40.5,0.0,0.0
2012-10-17,0.3,2.1,0.4,0.4
2012-10-18,4.0,23.3,49.2,138.1
2012-10-19,34.1,37.1,66.9,42.5
2012-10-20,4.5,0.6,10.1,0.4
2012-10-21,23.5,13.7,57.8,67.8
2012-10-22,14.5,21.3,41.6,48.2
2012-10-23,0.0,1.5,0.0,0.0
2012-10-24,0.0,4.1,7.1,12.5
2012-10-25,5.5,0.9,4.4,0.0
2012-10-26,0.0,0.0,0.0,0.0
2012-10-27,0.0,0.0,0.0,0.0
2012-10-28,0.0,0.0,0.0,0.0
2012-10-29,0.0,0.0,0.0,0.4
2012-10-30,0.4,2.0,0.4,9.5
2012-10-31,5.8,0.4,15.9,5.1
2012-11-01,15.3,7.6,15.6,3.5
2012-11-02,4.5,24.6,0.4,0.4
2012-11-03,14.7,6.3,11.1,8.9
2012-11-04,13.5,18.0,31.5,5.0
2012-11-05,44.7,22.0,1.0,3.1
2012-11-06,0.0,1.0,0.7,5.5
2012-11-07,0.5,10.1,17.8,10.5
2012-11-08,11.9,7.4,57.5,4.4
2012-11-09,2.6,4.0,17.9,1.6
2012-11-10,1.4,39.5,20.2,52.2
2012-11-11,2.9,108.8,0.7,0.6
2012-11-12,2.1,3.7,10.6,6.6
2012-11-13,0.0,0.4,22.8,6.5
2012-11-14,0.0,0.2,0.7,0.0
2012-11-15,0.0,1.5,0.0,0.0
2012-11-16,0.0,0.0,0.0,0.0
2012-11-17,0.0,10.0,0.0,0.0
2012-11-18,0.0,0.0,7.0,0.0
2012-11-19,4.0,18.0,7.0,1.3
2012-11-20,0.0,40.5,0.0,2.7
2012-11-21,1.0,9.5,0.0,0.0
2012-11-22,0.8,0.0,0.0,0.5
2012-11-23,2.1,0.0,0.5,21.4
2012-11-24,2.6,0.0,10.0,21.0
2012-11-25,0.2,17.0,0.3,5.1
2012-11-26,0.7,0.0,0.5,0.6
2012-11-27,21.6,30.0,9.6,5.9
2012-11-28,0.9,0.5,0.0,0.0
2012-11-29,2.4,12.3,0.5,27.1
2012-11-30,2.1,17.2,12.8,2.3
2012-12-01,17.4,4.0,3.2,0.7
2012-12-02,6.7,4.0,4.0,0.0
2012-12-03,1.5,0.3,1.0,0.0
2012-12-04,4.8,5.2,16.5,4.0
2012-12-05,4.2,3.0,0.4,0.3
2012-12-06,2.9,0.4,5.2,4.6
2012-12-07,1.1,1.1,0.8,2.0
2012-12-08,0.4,9.5,8.5,1.2
2012-12-09,42.9,0.0,26.6,0.3
2012-12-10,0.3,3.0,0.0,0.0
2012-12-11,0.0,0.8,4.5,0.4
2012-12-12,0.5,26.7,10.7,8.1
2012-12-13,12.4,22.5,26.6,103.7
2012-12-14,7.6,4.9,11.7,33.7
2012-12-15,5.0,26.2,9.9,54.0
2012-12-16,10.0,43.4,69.0,118.0
2012-12-17,31.2,7.3,50.2,50.3
2012-12-18,53.6,70.7,28.7,67.9
2012-12-19,56.9,69.6,32.2,55.2
2012-12-20,12.9,61.4,55.0,126.8
2012-12-21,13.3,84.0,24.6,43.0
2012-12-22,15.7,42.1,110.7,117.0
2012-12-23,32.5,122.7,225.3,270.2
2012-12-24,164.6,246.2,281.2,139.8
2012-12-25,99.5,98.1,5.9,5.7
2012-12-26,10.8,21.8,44.8,90.2
2012-12-27,9.3,15.1,16.5,0.1
2012-12-28,5.2,9.4,5.6,0.0
2012-12-29,0.0,0.4,0.4,0.4
2012-12-30,0.9,39.7,37.6,9.0
2012-12-31,87.3,243.5,175.8,243.0
2013-01-01,9.2,24.4,59.2,41.1
2013-01-02,17.9,65.7,32.2,50.4
2013-01-03,19.6,50.6,92.3,159.9
2013-01-04,1.8,3.7,4.4,11.7
2013-01-05,0.2,0.0,0.0,0.0
2013-01-06,0.0,0.0,0.0,0.0
2013-01-07,0.0,0.0,0.2,0.0
2013-01-08,0.0,0.5,0.3,0.0
2013-01-09,2.0,9.5,16.5,22.5
2013-01-10,1.0,0.0,0.9,0.0
2013-01-11,2.5,5.8,34.1,0.0
2013-01-12,0.0,8.2,16.5,0.0
2013-01-13,0.5,0.0,0.0,0.0
2013-01-14,0.0,0.0,0.4,0.0
2013-01-15,1.0,0.0,0.6,0.0
2013-01-16,0.0,0.0,0.0,0.0
2013-01-17,0.3,0.4,2.4,0.5
2013-01-18,72.9,16.3,7.1,1.5
2013-01-19,10.3,1.4,1.9,0.0
2013-01-20,10.0,11.5,9.4,8.0
2013-01-21,24.8,61.1,12.5,13.8
2013-01-22,17.7,9.5,0.2,35.7
2013-01-23,4.3,21.0,10.5,2.0
2013-01-24,2.2,46.7,0.0,0.0
2013-01-25,0.0,0.0,0.0,0.0
2013-01-26,0.0,0.0,0.0,0.0
2013-01-27,0.0,0.0,0.0,0.0
2013-01-28,0.3,0.0,0.0,0.0
2013-01-29,0.2,0.0,0.0,0.0
2013-01-30,0.0,0.0,0.0,0.3
2013-01-31,0.0,0.0,0.0,5.2
2013-02-01,0.5,1.5,0.0,0.0
2013-02-02,0.5,1.5,2.7,0.0
2013-02-03,2.9,21.5,8.3,0.0
2013-02-04,25.1,7.4,3.0,0.0
2013-02-05,0.5,2.1,0.0,0.0
2013-02-06,0.0,0.0,0.0,0.0
2013-02-07,0.0,0.0,0.0,2.0
2013-02-08,0.0,0.0,0.0,0.0
2013-02-09,0.0,0.0,0.4,0.0
2013-02-10,13.3,0.0,0.1,0.0
2013-02-11,11.7,72.7,11.8,12.3
2013-02-12,4.2,181.1,23.2,31.7
2013-02-13,1.7,24.2,2.7,0.0
2013-02-14,6.3,20.0,0.8,0.0
2013-02-15,26.3,61.2,37.0,5.5
2013-02-16,27.4,7.9,1.0,0.0
2013-02-17,10.7,0.9,9.5,1.5
2013-02-18,6.8,39.1,1.9,0.0
2013-02-19,0.6,0.9,0.1,0.0
2013-02-20,0.0,0.0,0.0,0.0
2013-02-21,0.0,0.0,0.0,0.0
2013-02-22,0.0,1.5,0.0,7.4
2013-02-23,0.0,5.0,9.8,15.8
2013-02-24,75.0,115.2,94.9,71.4
2013-02-25,34.6,145.4,198.1,152.4
2013-02-26,5.4,148.9,38.9,231.1
2013-02-27,1.5,23.0,29.2,26.1
2013-02-28,2.9,36.5,11.6,2.4
2013-03-01,10.6,8.0,0.0,0.0
2013-03-02,0.0,0.4,0.5,0.0
2013-03-03,0.5,7.1,2.0,0.0
2013-03-04,0.5,0.0,0.5,0.0
2013-03-05,0.0,0.4,0.4,0.0
2013-03-06,0.4,8.8,12.7,2.8
2013-03-07,1.6,31.9,44.6,5.2
2013-03-08,0.0,0.0,1.2,0.0
2013-03-09,0.0,0.0,0.0,0.0
2013-03-10,0.0,0.0,0.0,0.0
2013-03-11,0.0,0.0,0.0,0.0
2013-03-12,0.0,0.0,0.0,0.0
2013-03-13,0.0,0.0,0.0,0.0
2013-03-14,0.0,0.0,0.0,0.5
2013-03-15,0.4,0.4,0.5,0.5
2013-03-16,19.6,1.6,28.0,3.0
2013-03-17,0.0,0.0,0.0,0.0
2013-03-18,0.0,0.0,0.0,0.0
2013-03-19,0.0,0.0,0.0,0.0
2013-03-20,0.0,0.0,0.0,0.0
2013-03-21,0.0,0.0,0.0,0.0
2013-03-22,0.0,0.0,0.0,0.0
2013-03-23,0.0,0.0,0.0,0.0
2013-03-24,0.0,0.0,0.0,0.0
2013-03-25,0.0,0.0,0.0,0.0
2013-03-26,0.0,0.0,0.0,0.0
2013-03-27,0.0,0.0,0.0,0.0
2013-03-28,0.0,0.0,0.0,0.0
2013-03-29,0.0,0.0,0.0,0.0
2013-03-30,0.0,0.0,0.0,0.0
2013-03-31,0.0,0.0,0.0,0.0
2013-04-01,0.0,0.0,0.0,0.0
2013-04-02,1.5,0.0,0.0,0.0
2013-04-03,0.0,0.0,0.0,0.0
2013-04-04,1.6,0.5,0.0,1.0
2013-04-05,0.4,38.0,0.0,0.0
2013-04-06,0.0,13.0,0.0,0.0
2013-04-07,0.0,0.0,0.0,0.0
2013-04-08,0.5,0.0,0.0,0.0
2013-04-09,0.0,0.5,0.5,0.0
2013-04-10,1.0,3.5,0.0,0.0
2013-04-11,3.0,17.5,35.0,16.0
2013-04-12,0.0,2.0,5.4,6.0
2013-04-13,2.5,5.0,23.1,6.2
2013-04-14,2.0,3.0,1.0,7.3
2013-04-15,0.0,23.8,5.0,14.5
2013-04-16,0.0,21.2,26.8,54.6
2013-04-17,18.5,7.0,2.7,18.9
2013-04-18,0.0,5.5,0.0,0.0
2013-04-19,5.5,12.0,0.0,0.0
2013-04-20,0.0,1.0,0.0,0.0
2013-04-21,0.5,26.0,0.0,7.0
2013-04-22,0.0,0.0,0.0,0.0
2013-04-23,0.0,0.0,0.0,0.0
2013-04-24,0.0,8.7,0.0,0.0
2013-04-25,0.5,1.8,11.5,0.0
2013-04-26,0.0,0.0,1.0,0.0
2013-04-27,0.0,88.0,0.0,0.0
2013-04-28,2.5,43.9,6.0,0.0
2013-04-29,13.4,0.1,0.0,0.0
2013-04-30,19.6,26.5,0.0,0.0
2013-05-01,9.4,16.5,5.5,0.0
2013-05-02,2.6,2.0,0.0,0.0
2013-05-03,0.0,1.0,0.0,0.0
2013-05-04,0.0,4.5,0.0,0.0
2013-05-05,2.8,35.5,1.0,0.4
2013-05-06,7.7,13.0,7.7,5.6
2013-05-07,0.0,0.0,0.8,0.0
2013-05-08,0.0,0.5,0.0,0.0
2013-05-09,11.5,16.5,0.0,0.0
2013-05-10,3.5,13.5,0.0,37.3
2013-05-11,0.4,0.0,0.0,0.2
2013-05-12,4.6,0.0,0.0,13.0
2013-05-13,0.0,1.4,1.6,0.5
2013-05-14,10.2,54.1,2.4,26.0
2013-05-15,0.8,41.9,0.0,0.0
2013-05-16,0.5,0.0,0.0,0.0
2013-05-17,41.1,49.0,0.0,0.0
2013-05-18,0.4,1.5,0.0,0.0
2013-05-19,0.1,21.0,0.0,0.0
2013-05-20,0.0,0.0,49.0,9.5
2013-05-21,4.0,0.0,0.0,0.0
2013-05-22,0.0,21.5,0.0,0.0
2013-05-23,0.0,20.5,0.3,0.0
2013-05-24,0.0,2.5,7.2,7.0
2013-05-25,0.0,30.5,0.0,0.0
2013-05-26,0.0,38.0,0.0,48.5
2013-05-27,0.0,0.0,0.0,0.0
2013-05-28,3.3,4.2,0.4,0.0
2013-05-29,12.7,0.6,1.5,0.4
2013-05-30,12.0,21.7,39.2,79.1
2013-05-31,0.0,0.0,2.0,0.0
2013-06-01,0.0,0.0,3.5,1.0
2013-06-02,1.5,36.5,0.0,0.0
2013-06-03,0.0,0.5,0.0,0.5
2013-06-04,8.0,0.0,0.0,110.0
2013-06-05,14.0,3.5,0.4,19.4
2013-06-06,0.0,0.0,0.6,22.1
2013-06-07,0.0,8.5,0.0,0.0
2013-06-08,0.0,0.0,0.0,0.0
2013-06-09,0.0,0.0,0.0,0.0
2013-06-10,0.0,0.0,0.0,1.0
2013-06-11,1.0,13.5,40.7,24.1
2013-06-12,0.0,0.5,1.3,3.4
2013-06-13,11.5,1.1,26.0,7.5
2013-06-14,0.5,1.9,0.0,0.0
2013-06-15,0.0,0.0,0.0,0.0
2013-06-16,0.0,0.0,0.0,0.0
2013-06-17,0.0,0.0,0.0,0.0
2013-06-18,0.0,0.0,0.0,0.0
2013-06-19,0.0,0.0,0.0,0.0
2013-06-20,0.0,0.0,14.8,4.0
2013-06-21,0.0,0.0,1.7,0.0
2013-06-22,0.0,0.0,2.5,0.0
2013-06-23,0.0,0.0,0.0,0.0
2013-06-24,0.0,6.0,0.5,0.0
2013-06-25,0.0,0.0,0.4,0.4
2013-06-26,5.5,1.5,0.6,2.1
2013-06-27,3.0,5.5,0.0,0.9
2013-06-28,0.0,0.5,12.5,0.1
2013-06-29,0.4,6.0,0.0,0.0
2013-06-30,0.6,0.0,0.0,0.0
2013-07-01,0.0,0.0,9.5,0.0
2013-07-02,11.4,3.7,5.5,63.1
2013-07-03,10.1,9.4,0.0,0.9
2013-07-04,3.6,24.5,18.3,0.0
2013-07-05,2.4,0.9,0.2,0.0
2013-07-06,0.0,0.0,0.0,0.0
2013-07-07,0.3,0.0,0.0,0.0
2013-07-08,0.2,0.0,0.0,0.0
2013-07-09,6.5,0.4,1.3,3.4
2013-07-10,6.8,2.1,1.7,9.6
2013-07-11,41.7,2.0,0.0,0.0
2013-07-12,0.0,0.0,0.0,0.0
2013-07-13,7.9,38.4,22.8,0.5
2013-07-14,13.1,9.6,3.2,0.0
2013-07-15,0.0,0.0,0.0,0.0
2013-07-16,0.0,2.4,0.5,18.0
2013-07-17,62.0,2.6,13.5,20.3
2013-07-18,1.5,0.0,0.0,0.7
2013-07-19,0.0,0.0,0.0,0.0
2013-07-20,0.0,0.0,0.0,0.0
2013-07-21,10.5,0.0,0.0,0.0
2013-07-22,0.0,0.0,0.0,1.5
2013-07-23,0.0,0.0,0.0,0.0
2013-07-24,0.0,0.0,0.0,0.0
2013-07-25,14.7,28.7,2.5,0.0
2013-07-26,12.8,2.3,0.0,0.0
2013-07-27,0.0,0.0,0.0,0.0
2013-07-28,0.0,0.0,0.0,0.0
2013-07-29,29.5,0.0,0.0,0.0
2013-07-30,0.0,19.5,0.0,20.5
2013-07-31,0.0,4.0,13.5,4.5
2013-08-01,0.0,41.5,4.4,14.2
2013-08-02,0.0,25.8,5.5,38.1
2013-08-03,0.0,5.7,4.1,0.7
2013-08-04,0.4,0.5,38.3,64.0
2013-08-05,5.1,42.0,1.6,0.5
2013-08-06,0.0,6.5,24.6,4.0
2013-08-07,0.0,0.0,1.0,0.0
2013-08-08,9.0,1.0,34.0,52.9
2013-08-09,0.0,0.0,0.0,2.6
2013-08-10,0.0,0.0,3.0,0.0
2013-08-11,1.0,0.0,0.0,1.0
2013-08-12,0.0,17.9,0.5,21.8
2013-08-13,0.0,12.1,2.0,2.7
2013-08-14,0.5,0.0,0.0,0.0
2013-08-15,2.0,0.5,0.5,15.5
2013-08-16,0.0,21.5,14.0,0.0
2013-08-17,0.0,8.5,0.0,0.0
2013-08-18,0.0,77.3,0.0,0.0
2013-08-19,13.0,9.2,0.0,0.0
2013-08-20,0.0,0.0,0.0,0.0
2013-08-21,11.2,0.5,0.4,0.5
2013-08-22,0.7,26.5,61.4,22.3
2013-08-23,0.1,0.0,25.2,2.2
2013-08-24,0.0,0.0,0.0,0.4
2013-08-25,0.0,29.5,1.0,5.6
2013-08-26,28.5,0.8,0.4,0.0
2013-08-27,0.0,6.6,41.6,0.0
2013-08-28,2.5,56.0,14.5,0.0
2013-08-29,2.5,11.1,0.0,0.0
2013-08-30,0.0,58.4,0.0,0.0
2013-08-31,0.8,0.0,0.0,0.0
2013-09-01,7.7,0.0,5.0,0.0
2013-09-02,0.0,0.5,2.0,0.0
2013-09-03,0.0,0.0,0.0,0.0
2013-09-04,0.0,65.0,0.5,0.0
2013-09-05,0.0,1.0,4.0,15.5
2013-09-06,32.4,1.5,0.0,1.3
2013-09-07,12.1,9.4,9.5,9.2
2013-09-08,9.9,41.8,0.5,1.5
2013-09-09,7.1,12.3,0.0,1.0
2013-09-10,0.0,0.0,0.4,0.0
2013-09-11,7.5,2.5,9.5,4.0
2013-09-12,0.0,38.5,3.9,9.1
2013-09-13,0.0,0.5,23.3,6.9
2013-09-14,0.0,2.5,9.3,4.0
2013-09-15,0.0,1.5,4.0,0.0
2013-09-16,0.0,7.0,0.0,17.5
2013-09-17,6.4,0.0,2.0,13.5
2013-09-18,3.6,0.0,0.4,0.0
2013-09-19,0.0,0.0,25.7,0.0
2013-09-20,0.0,14.0,26.4,4.0
2013-09-21,0.0,0.0,0.0,0.0
2013-09-22,0.0,0.0,0.0,0.0
2013-09-23,0.0,0.0,0.0,0.0
2013-09-24,0.0,0.0,18.9,6.7
2013-09-25,15.0,0.0,4.1,11.3
2013-09-26,0.0,7.0,20.5,0.0
2013-09-27,10.0,4.3,0.0,6.5
2013-09-28,9.2,4.2,2.0,13.0
2013-09-29,12.2,0.0,0.4,0.0
2013-09-30,0.2,0.0,16.1,0.0
2013-10-01,1.0,25.2,1.0,14.5
2013-10-02,2.2,53.1,0.0,96.7
2013-10-03,10.6,36.7,15.0,11.8
2013-10-04,43.7,50.0,11.5,24.0
2013-10-05,0.0,0.0,0.0,0.0
2013-10-06,0.0,3.0,4.5,0.0
2013-10-07,45.7,2.1,0.5,33.5
2013-10-08,5.5,11.9,1.2,0.5
2013-10-09,39.3,4.5,0.3,0.5
2013-10-10,1.5,14.5,0.0,0.0
2013-10-11,13.9,3.5,0.0,0.0
2013-10-12,42.1,2.0,0.4,14.0
2013-10-13,20.0,7.8,2.1,5.0
2013-10-14,2.0,59.2,1.0,1.5
2013-10-15,25.5,11.5,0.0,7.5
2013-10-16,4.0,2.0,0.0,0.0
2013-10-17,11.3,13.9,0.0,0.4
2013-10-18,10.0,13.9,0.0,22.7
2013-10-19,3.2,33.1,0.0,10.5
2013-10-20,25.5,4.1,8.0,65.3
2013-10-21,9.4,6.5,0.4,4.3
2013-10-22,3.4,46.0,27.3,15.2
2013-10-23,0.8,0.5,0.8,32.9
2013-10-24,0.0,2.5,0.6,3.1
2013-10-25,5.0,11.0,25.9,0.4
2013-10-26,0.0,30.8,68.7,3.0
2013-10-27,6.0,40.2,6.9,4.7
2013-10-28,0.0,0.0,0.5,0.0
2013-10-29,9.0,0.5,7.0,0.0
2013-10-30,0.0,0.0,1.0,0.0
2013-10-31,0.4,0.9,2.0,0.4
2013-11-01,2.1,41.6,45.5,26.1
2013-11-02,0.0,4.4,0.5,0.4
2013-11-03,0.0,1.6,57.5,23.1
2013-11-04,4.1,17.4,19.8,22.8
2013-11-05,66.9,52.6,66.9,41.4
2013-11-06,15.5,0.0,0.4,20.3
2013-11-07,0.9,49.0,2.4,0.5
2013-11-08,0.6,0.0,1.6,39.5
2013-11-09,0.5,6.0,14.6,1.0
2013-11-10,12.0,1.0,38.9,3.0
2013-11-11,0.0,15.0,6.0,0.4
2013-11-12,0.0,0.5,42.4,0.6
2013-11-13,4.0,4.0,0.1,0.4
2013-11-14,0.0,0.0,0.0,1.6
2013-11-15,0.0,0.0,0.0,0.4
2013-11-16,2.4,0.7,6.2,5.7
2013-11-17,11.6,15.6,44.3,5.4
2013-11-18,8.0,16.2,11.3,28.2
2013-11-19,66.4,30.6,22.1,72.0
2013-11-20,53.6,107.8,155.5,149.2
2013-11-21,2.1,2.6,94.9,29.4
2013-11-22,5.1,7.8,3.4,4.7
2013-11-23,2.3,3.5,1.3,0.0
2013-11-24,0.1,3.2,0.0,0.0
2013-11-25,0.0,0.4,0.4,0.0
2013-11-26,0.0,0.1,2.5,0.4
2013-11-27,24.5,15.5,33.8,43.5
2013-11-28,6.0,43.0,20.0,87.4
2013-11-29,34.0,41.2,109.8,137.5
2013-11-30,58.5,171.3,4.3,17.2
2013-12-01,113.0,78.5,27.4,16.1
2013-12-02,264.5,119.5,23.6,24.8
2013-12-03,272.6,259.7,81.3,38.7
2013-12-04,107.5,206.9,74.2,116.5
2013-12-05,9.9,43.3,17.1,5.5
2013-12-06,14.5,57.0,14.6,0.5
2013-12-07,96.8,25.7,2.5,2.0
2013-12-08,5.5,1.5,0.4,2.4
2013-12-09,58.3,38.0,64.0,4.9
2013-12-10,52.1,232.0,85.3,98.8
2013-12-11,7.3,1.4,19.8,0.0
2013-12-12,57.1,4.1,1.0,0.0
2013-12-13,0.0,0.4,0.4,0.5
2013-12-14,0.0,5.6,46.4,97.4
2013-12-15,0.0,0.5,6.2,24.2
2013-12-16,1.5,9.8,4.5,6.6
2013-12-17,8.5,11.2,0.0,13.4
2013-12-18,0.5,0.5,1.0,7.9
2013-12-19,36.9,70.8,81.5,46.6
2013-12-20,5.0,1.3,0.4,0.0
2013-12-21,13.2,1.0,103.6,7.5
2013-12-22,0.4,0.0,0.0,0.0
2013-12-23,4.1,1.0,0.3,0.0
2013-12-24,1.0,0.5,9.2,0.0
2013-12-25,0.4,9.6,2.0,0.0
2013-12-26,6.5,1.4,0.0,0.0
2013-12-27,10.6,26.9,7.8,0.7
2013-12-28,3.0,5.5,15.1,17.8
2013-12-29,3.5,7.0,7.1,7.3
2013-12-30,0.5,1.4,0.4,3.2
2013-12-31,6.9,5.5,2.0,0.5
2014-01-01,1.6,8.5,1.1,4.9
2014-01-02,4.9,22.0,1.5,7.4
2014-01-03,10.1,39.7,0.0,11.7
2014-01-04,0.5,5.5,0.0,0.0
2014-01-05,11.8,1.5,0.5,5.5
2014-01-06,3.2,0.0,0.0,0.0
2014-01-07,0.0,0.0,0.0,0.0
2014-01-08,0.0,0.0,2.4,4.4
2014-01-09,2.4,0.0,10.9,14.8
2014-01-10,157.9,0.0,2.6,1.2
2014-01-11,11.4,0.0,47.9,154.7
2014-01-12,32.3,0.0,37.2,7.9
2014-01-13,2.2,0.0,0.5,0.0
2014-01-14,0.6,0.0,0.5,0.0
2014-01-15,0.4,0.0,0.0,0.0
2014-01-16,0.1,0.0,0.0,0.0
2014-01-17,0.0,0.0,0.0,0.0
2014-01-18,2.3,0.0,0.0,0.0
2014-01-19,2.2,0.0,0.0,0.0
2014-01-20,0.0,0.0,0.0,0.0
2014-01-21,0.0,0.0,0.0,0.0
2014-01-22,0.0,0.0,0.0,0.0
2014-01-23,0.0,0.0,0.0,0.0
2014-01-24,0.0,0.0,0.0,0.0
2014-01-25,0.0,0.0,0.0,0.0
2014-01-26,0.0,0.0,0.0,0.0
2014-01-27,0.0,0.0,0.4,0.0
2014-01-28,0.0,0.0,14.1,0.0
2014-01-29,0.0,0.0,0.0,0.0
2014-01-30,0.0,0.0,0.0,0.0
2014-01-31,0.0,0.0,0.0,0.0
2014-02-01,0.0,0.0,0.0,0.0
2014-02-02,0.0,0.0,0.0,0.0
2014-02-03,0.0,0.0,0.0,0.0
2014-02-04,0.0,0.0,0.0,0.0
2014-02-05,0.0,0.0,0.0,0.0
2014-02-06,0.0,0.0,0.0,0.0
2014-02-07,0.0,0.0,0.0,0.0
2014-02-08,0.0,0.0,0.0,0.0
2014-02-09,0.0,0.0,0.0,0.0
2014-02-10,0.0,0.0,0.0,0.0
2014-02-11,0.0,0.0,0.0,0.0
2014-02-12,0.0,0.0,0.0,0.0
2014-02-13,0.0,0.0,0.0,0.0
2014-02-14,0.0,0.0,0.0,0.0
2014-02-15,0.0,0.0,0.0,0.0
2014-02-16,0.4,0.0,0.0,0.0
2014-02-17,6.6,0.0,0.0,0.0
2014-02-18,0.0,0.0,0.0,0.0
2014-02-19,0.0,0.0,0.0,0.0
2014-02-20,0.0,0.0,0.4,0.0
2014-02-21,0.3,0.0,0.1,0.0
2014-02-22,0.2,0.0,0.0,0.0
2014-02-23,0.0,0.0,0.0,0.0
2014-02-24,0.0,0.0,0.0,0.0
2014-02-25,0.0,0.0,0.0,0.0
2014-02-26,0.4,0.0,0.0,0.0
2014-02-27,0.6,0.0,0.0,0.0
2014-02-28,0.0,0.0,0.0,0.0
2014-03-01,0.0,0.0,0.0,0.0
2014-03-02,0.0,0.0,0.0,0.0
2014-03-03,0.0,0.0,0.0,0.0
2014-03-04,0.0,0.0,0.0,0.0
2014-03-05,0.0,0.0,0.0,0.0
2014-03-06,0.0,0.0,0.0,0.0
2014-03-07,0.0,0.0,0.0,0.0
2014-03-08,0.0,0.3,0.0,0.0
2014-03-09,0.0,0.2,0.0,0.0
2014-03-10,0.0,0.0,0.0,1.5
2014-03-11,0.0,0.0,0.0,0.0
2014-03-12,0.0,0.0,0.0,0.0
2014-03-13,0.0,0.0,0.0,0.0
2014-03-14,0.5,0.4,0.0,0.0
2014-03-15,0.4,52.7,10.3,49.0
2014-03-16,2.9,25.2,5.7,0.0
2014-03-17,1.7,8.8,0.0,0.0
2014-03-18,0.0,0.9,0.0,0.0
2014-03-19,0.0,0.0,0.0,0.0
2014-03-20,0.0,0.0,0.0,0.0
2014-03-21,0.0,0.0,0.0,0.0
2014-03-22,0.0,0.0,0.4,0.4
2014-03-23,0.0,2.0,20.9,16.7
2014-03-24,0.4,0.0,0.2,4.9
2014-03-25,2.1,17.5,0.0,0.0
2014-03-26,0.0,0.0,0.0,0.0
2014-03-27,0.0,0.0,0.0,0.0
2014-03-28,0.4,0.0,0.0,0.0
2014-03-29,46.5,78.0,0.0,0.0
2014-03-30,0.6,0.0,0.0,0.0
2014-03-31,0.2,0.0,0.0,0.0
2014-04-01,0.3,23.5,0.0,0.0
2014-04-02,0.0,0.0,0.0,0.0
2014-04-03,1.0,0.0,0.0,0.0
2014-04-04,0.0,0.0,0.0,0.0
2014-04-05,0.0,0.0,0.0,0.0
2014-04-06,0.0,0.0,0.0,0.0
2014-04-07,0.0,0.0,0.0,0.0
2014-04-08,0.0,0.0,0.0,0.0
2014-04-09,0.0,0.0,0.0,0.0
2014-04-10,0.0,0.0,0.0,0.0
2014-04-11,0.0,0.0,0.0,0.0
2014-04-12,0.0,0.0,0.0,0.0
2014-04-13,0.0,0.0,0.0,0.0
2014-04-14,0.0,1.5,0.0,0.0
2014-04-15,0.0,4.0,0.0,0.0
2014-04-16,0.0,0.0,0.0,0.0
2014-04-17,0.0,0.5,0.0,0.0
2014-04-18,0.0,0.0,0.0,0.0
2014-04-19,0.0,8.0,0.0,19.3
2014-04-20,0.5,10.5,0.0,0.2
2014-04-21,0.4,0.0,0.0,0.0
2014-04-22,4.6,0.5,0.0,0.0
2014-04-23,0.0,0.0,0.4,0.0
2014-04-24,0.0,0.0,0.1,0.0
2014-04-25,0.0,3.5,0.0,0.0
2014-04-26,0.0,8.0,0.0,0.0
2014-04-27,0.0,0.0,0.0,0.0
2014-04-28,0.0,15.5,0.0,0.0
2014-04-29,0.0,0.0,0.0,0.0
2014-04-30,0.0,0.0,0.0,0.0
2014-05-01,0.5,0.0,0.0,0.0
2014-05-02,20.5,19.0,0.0,0.0
2014-05-03,0.0,0.0,0.0,0.0
2014-05-04,0.0,3.0,0.4,0.0
2014-05-05,6.0,17.0,5.9,0.0
2014-05-06,0.0,0.0,0.6,0.0
2014-05-07,0.0,12.5,4.1,0.0
2014-05-08,0.0,0.0,0.0,0.0
2014-05-09,0.5,0.0,0.0,0.0
2014-05-10,0.0,0.0,0.0,0.0
2014-05-11,0.0,0.0,0.0,0.0
2014-05-12,0.0,0.0,0.0,0.0
2014-05-13,27.3,0.5,58.5,0.5
2014-05-14,56.7,39.0,26.5,52.5
2014-05-15,0.0,0.0,0.0,1.5
2014-05-16,15.5,9.0,0.0,8.7
2014-05-17,19.0,2.5,1.0,48.3
2014-05-18,53.5,0.0,6.5,4.5
2014-05-19,3.5,9.0,0.0,0.0
2014-05-20,0.8,2.5,0.0,0.0
2014-05-21,0.2,0.0,0.0,1.0
2014-05-22,0.0,19.0,0.0,0.4
2014-05-23,0.0,0.0,0.0,0.6
2014-05-24,0.0,8.5,0.0,0.0
2014-05-25,0.0,0.0,0.0,0.0
2014-05-26,0.0,0.0,0.0,0.0
2014-05-27,0.0,26.0,0.0,0.0
2014-05-28,0.5,0.0,0.4,24.1
2014-05-29,5.0,6.0,7.1,6.4
2014-05-30,0.0,6.0,0.0,0.0
2014-05-31,0.0,0.0,0.0,0.0
2014-06-01,0.0,5.1,0.5,4.0
2014-06-02,0.4,12.4,0.0,0.0
2014-06-03,21.1,0.5,63.9,1.0
2014-06-04,3.0,8.0,0.1,16.7
2014-06-05,0.2,18.9,0.5,44.5
2014-06-06,0.2,10.1,0.0,0.3
2014-06-07,0.2,0.0,0.0,0.0
2014-06-08,7.3,0.0,0.0,0.0
2014-06-09,1.7,7.0,43.5,0.0
2014-06-10,0.1,0.0,0.5,0.0
2014-06-11,0.1,16.0,23.0,1.0
2014-06-12,0.1,15.5,109.0,4.5
2014-06-13,0.1,0.0,0.0,0.0
2014-06-14,0.1,0.0,1.0,0.0
2014-06-15,4.2,0.0,0.0,0.0
2014-06-16,2.8,0.0,0.0,0.0
2014-06-17,1.0,0.0,0.0,0.0
2014-06-18,0.4,0.0,0.0,0.0
2014-06-19,0.1,0.0,0.0,0.0
2014-06-20,0.0,0.0,0.0,0.0
2014-06-21,0.0,9.4,0.5,21.5
2014-06-22,0.0,31.6,35.5,12.5
2014-06-23,0.0,0.0,0.5,7.5
2014-06-24,0.0,0.0,10.0,0.0
2014-06-25,0.9,23.5,0.0,0.0
2014-06-26,3.6,30.0,0.0,0.0
2014-06-27,0.0,0.0,0.0,0.0
2014-06-28,0.9,0.0,1.0,27.5
2014-06-29,1.0,36.0,27.5,6.0
2014-06-30,17.1,58.6,10.4,4.9
2014-07-01,0.0,14.9,11.5,0.1
2014-07-02,0.0,0.0,38.0,0.0
2014-07-03,0.4,0.0,0.0,0.0
2014-07-04,0.5,0.0,0.0,0.0
2014-07-05,6.6,0.0,1.0,40.8
2014-07-06,0.0,0.0,26.9,7.7
2014-07-07,0.0,20.0,0.6,6.0
2014-07-08,0.0,9.0,7.0,0.0
2014-07-09,0.0,0.4,0.0,0.0
2014-07-10,0.0,1.1,0.0,0.0
2014-07-11,0.0,0.0,0.0,0.0
2014-07-12,0.0,0.0,0.0,0.0
2014-07-13,0.0,0.0,0.0,0.0
2014-07-14,0.0,0.0,0.0,0.0
2014-07-15,0.0,13.5,1.0,0.0
2014-07-16,0.0,2.9,0.5,3.5
2014-07-17,0.0,26.2,119.5,8.5
2014-07-18,0.0,0.9,0.0,0.5
2014-07-19,4.5,0.0,0.0,0.0
2014-07-20,0.0,0.0,0.0,0.0
2014-07-21,0.4,0.0,0.0,0.0
2014-07-22,0.1,7.0,4.5,13.5
2014-07-23,0.0,0.0,1.5,0.0
2014-07-24,0.0,0.0,0.0,0.0
2014-07-25,0.0,0.4,0.5,18.6
2014-07-26,0.4,0.1,8.0,1.4
2014-07-27,1.7,0.0,1.5,0.0
2014-07-28,2.7,11.4,6.0,106.6
2014-07-29,1.1,2.6,5.0,3.4
2014-07-30,3.2,0.0,0.0,0.0
2014-07-31,0.0,0.0,0.0,17.0
2014-08-01,0.0,0.0,0.0,0.0
2014-08-02,0.0,22.0,0.0,64.1
2014-08-03,1.7,3.0,0.0,1.9
2014-08-04,1.8,0.0,0.0,0.5
2014-08-05,0.0,33.5,0.5,17.0
2014-08-06,0.4,2.5,0.0,9.2
2014-08-07,0.1,0.0,0.5,1.2
2014-08-08,0.0,2.0,12.1,31.6
2014-08-09,0.0,0.8,0.4,0.0
2014-08-10,0.0,0.2,0.0,0.0
2014-08-11,0.0,10.5,0.0,0.0
2014-08-12,0.0,35.0,0.4,0.0
2014-08-13,0.0,45.0,3.1,0.0
2014-08-14,0.0,0.0,0.0,0.0
2014-08-15,0.0,54.5,0.0,2.8
2014-08-16,0.0,4.6,7.0,56.5
2014-08-17,0.0,0.9,0.0,2.2
2014-08-18,0.8,1.5,51.0,65.0
2014-08-19,1.5,4.0,0.0,0.5
2014-08-20,1.7,0.0,0.0,0.0
2014-08-21,0.9,0.0,0.0,0.0
2014-08-22,0.5,0.0,0.0,0.0
2014-08-23,0.7,2.5,0.0,0.0
2014-08-24,1.3,0.0,0.0,0.0
2014-08-25,0.2,31.8,2.0,5.5
2014-08-26,0.0,7.2,3.5,58.5
2014-08-27,0.5,0.0,16.5,0.0
2014-08-28,0.5,0.0,0.0,0.0
2014-08-29,0.0,0.0,0.0,0.0
2014-08-30,0.0,3.0,3.5,0.0
2014-08-31,0.0,1.5,0.0,26.4
2014-09-01,0.0,8.5,0.5,3.1
2014-09-02,0.0,3.9,0.0,15.9
2014-09-03,0.4,6.0,0.4,5.0
2014-09-04,0.9,0.1,0.1,32.5
2014-09-05,0.7,6.0,20.5,15.3
2014-09-06,1.0,0.0,0.0,7.3
2014-09-07,0.5,0.0,0.0,0.9
2014-09-08,0.5,0.0,0.0,0.0
2014-09-09,0.9,4.0,31.0,2.0
2014-09-10,0.6,1.0,38.8,7.0
2014-09-11,0.5,5.0,0.2,13.0
2014-09-12,0.9,2.5,1.3,0.0
2014-09-13,3.1,39.0,2.2,0.5
2014-09-14,0.0,10.0,8.3,72.5
2014-09-15,0.0,7.5,40.3,12.5
2014-09-16,0.0,0.5,17.4,51.5
2014-09-17,0.0,0.0,0.0,7.0
2014-09-18,0.0,0.0,0.0,0.0
2014-09-19,0.0,0.0,0.0,0.0
2014-09-20,3.0,0.0,0.0,0.0
2014-09-21,0.0,27.0,0.0,3.0
2014-09-22,0.0,0.0,0.0,0.0
2014-09-23,0.0,0.0,0.0,0.0
2014-09-24,0.0,0.3,0.0,0.0
2014-09-25,0.0,18.7,6.5,0.0
2014-09-26,0.0,0.0,0.0,0.0
2014-09-27,0.0,0.0,0.0,0.0
2014-09-28,0.0,51.2,0.0,0.0
2014-09-29,0.0,0.3,0.0,0.0
2014-09-30,0.0,5.5,10.5,5.0
2014-10-01,6.0,4.0,0.0,0.0
2014-10-02,0.0,10.5,0.0,46.5
2014-10-03,0.0,3.9,101.5,4.5
2014-10-04,0.0,54.6,11.5,35.0
2014-10-05,0.0,0.0,2.5,2.2
2014-10-06,0.0,0.0,0.0,0.3
2014-10-07,0.0,0.0,26.0,19.0
2014-10-08,0.0,0.0,0.0,10.5
2014-10-09,0.0,0.0,8.5,27.5
2014-10-10,0.0,2.0,0.0,0.0
2014-10-11,0.0,16.9,9.1,1.1
2014-10-12,0.0,6.4,12.4,7.4
2014-10-13,1.0,0.2,0.0,0.0
2014-10-14,0.0,0.0,0.0,1.5
2014-10-15,0.0,2.5,1.0,6.7
2014-10-16,0.0,0.5,6.7,1.2
2014-10-17,2.5,15.4,39.6,39.2
2014-10-18,0.5,3.2,2.2,28.9
2014-10-19,5.5,19.0,0.5,0.0
2014-10-20,0.0,0.0,0.0,0.0
2014-10-21,2.5,0.0,0.0,0.0
2014-10-22,0.0,0.0,1.0,1.5
2014-10-23,0.0,28.0,0.4,1.5
2014-10-24,0.0,4.5,4.6,0.0
2014-10-25,0.0,9.5,0.0,0.0
2014-10-26,0.0,0.5,5.0,0.0
2014-10-27,0.0,0.5,0.0,0.0
2014-10-28,0.0,0.0,0.0,0.0
2014-10-29,0.0,16.0,0.0,0.0
2014-10-30,0.0,0.0,0.5,0.4
2014-10-31,0.0,5.3,6.0,65.6
2014-11-01,2.0,27.0,10.4,8.4
2014-11-02,8.4,23.2,24.1,14.0
2014-11-03,21.6,0.0,0.0,1.7
2014-11-04,3.5,41.5,2.0,44.0
2014-11-05,13.0,8.8,3.9,13.7
2014-11-06,0.0,1.8,3.5,5.2
2014-11-07,0.0,2.4,5.1,25.6
2014-11-08,14.2,58.0,24.7,9.3
2014-11-09,9.8,5.0,7.8,9.2
2014-11-10,0.0,0.5,0.5,0.0
2014-11-11,0.0,0.0,0.0,0.0
2014-11-12,0.5,21.2,8.0,9.1
2014-11-13,11.2,27.8,58.8,110.5
2014-11-14,37.8,37.0,68.4,89.4
2014-11-15,10.8,13.5,69.5,71.9
2014-11-16,38.9,7.1,31.4,91.9
2014-11-17,91.8,39.7,147.7,83.2
2014-11-18,95.3,180.4,233.0,336.9
2014-11-19,5.8,12.5,39.8,82.0
2014-11-20,3.0,54.3,390.4,258.8
2014-11-21,0.0,0.0,0.5,0.3
2014-11-22,0.0,0.0,0.0,0.2
2014-11-23,0.4,0.3,0.4,0.4
2014-11-24,52.9,21.3,28.9,54.4
2014-11-25,1.2,0.8,3.2,1.7
2014-11-26,0.0,5.5,0.0,0.4
2014-11-27,0.0,0.0,0.0,4.1
2014-11-28,0.5,20.0,0.9,0.5
2014-11-29,0.0,1.0,2.6,0.5
2014-11-30,0.0,0.0,0.0,0.0
2014-12-01,0.0,0.5,0.0,0.0
2014-12-02,1.0,24.5,0.0,0.0
2014-12-03,0.3,28.7,0.0,0.0
2014-12-04,17.7,1.8,6.5,1.0
2014-12-05,0.0,15.8,0.5,0.4
2014-12-06,0.5,12.7,7.5,4.1
2014-12-07,21.1,11.2,8.9,14.0
2014-12-08,0.5,15.6,11.1,41.5
2014-12-09,0.0,4.2,3.6,5.6
2014-12-10,1.0,0.0,0.0,2.2
2014-12-11,0.0,0.0,0.0,0.0
2014-12-12,0.0,0.0,0.0,0.0
2014-12-13,0.0,0.0,0.4,0.3
2014-12-14,60.1,22.9,110.1,158.5
2014-12-15,232.6,222.4,153.1,177.3
2014-12-16,51.7,36.0,9.8,43.5
2014-12-17,44.0,338.0,37.4,145.6
2014-12-18,124.9,234.6,8.4,72.9
2014-12-19,44.2,51.7,30.8,25.9
2014-12-20,10.2,100.9,68.6,159.4
2014-12-21,293.2,81.3,8.7,49.0
2014-12-22,97.1,200.5,50.4,22.0
2014-12-23,83.0,130.4,12.8,3.6
2014-12-24,30.4,47.0,2.7,7.7
2014-12-25,16.4,46.1,3.7,5.1
2014-12-26,155.1,130.6,15.2,1.4
2014-12-27,22.0,47.0,44.0,25.5
2014-12-28,93.0,76.4,61.5,11.5
2014-12-29,188.3,94.3,45.9,25.2
2014-12-30,21.8,11.8,6.5,10.8
2014-12-31,0.0,1.0,1.5,0.0
2015-01-01,0.0,0.5,0.0,0.0
2015-01-02,0.5,0.0,0.4,0.0
2015-01-03,0.4,3.3,3.5,2.4
2015-01-04,3.6,9.7,3.5,0.6
2015-01-05,0.0,0.6,1.3,0.0
2015-01-06,0.0,27.9,0.8,3.2
2015-01-07,0.5,55.3,23.8,50.0
2015-01-08,141.3,73.2,4.3,47.3
2015-01-09,40.3,24.4,3.5,13.4
2015-01-10,2.0,86.3,36.0,108.1
2015-01-11,0.4,6.8,0.0,0.0
2015-01-12,0.1,0.5,0.0,0.0
2015-01-13,0.8,2.3,0.0,0.0
2015-01-14,1.7,2.1,1.0,0.0
2015-01-15,0.0,0.1,0.0,0.0
2015-01-16,0.0,0.0,0.0,0.0
2015-01-17,0.0,0.0,0.0,0.0
2015-01-18,0.0,4.5,0.0,6.1
2015-01-19,0.0,8.3,0.0,0.4
2015-01-20,0.0,0.2,0.0,0.0
2015-01-21,0.0,0.5,0.0,3.0
2015-01-22,0.0,0.0,0.3,0.0
2015-01-23,0.0,0.0,0.7,0.5
2015-01-24,0.0,3.5,0.0,11.0
2015-01-25,0.0,0.0,0.0,0.0
2015-01-26,0.0,0.0,0.0,0.0
2015-01-27,0.0,0.0,0.0,0.0
2015-01-28,0.5,0.0,0.0,0.0
2015-01-29,15.3,19.5,0.0,0.0
2015-01-30,0.3,0.5,0.4,0.0
2015-01-31,0.0,0.0,0.1,0.0
2015-02-01,0.4,0.0,0.0,0.0
2015-02-02,1.6,0.5,0.0,0.0
2015-02-03,33.8,42.2,43.0,17.2
2015-02-04,15.9,11.2,0.0,4.3
2015-02-05,1.7,2.6,0.5,0.0
2015-02-06,1.1,0.5,0.0,0.0
2015-02-07,0.6,2.5,0.0,0.0
2015-02-08,0.5,0.0,0.0,0.0
2015-02-09,5.0,5.3,0.0,0.0
2015-02-10,0.0,0.2,0.0,0.0
2015-02-11,0.0,0.0,0.0,0.0
2015-02-12,0.0,0.0,0.0,0.0
2015-02-13,0.0,0.0,0.0,0.0
2015-02-14,0.0,0.0,0.0,0.0
2015-02-15,0.0,0.0,0.0,0.0
2015-02-16,0.0,0.0,0.0,0.0
2015-02-17,0.0,0.0,0.0,0.0
2015-02-18,0.0,0.0,0.0,0.0
2015-02-19,0.0,0.0,3.5,0.0
2015-02-20,0.0,0.0,0.0,0.0
2015-02-21,0.0,0.0,0.0,0.0
2015-02-22,0.0,0.0,0.0,0.0
2015-02-23,0.0,0.0,0.0,0.0
2015-02-24,0.0,0.0,0.0,0.0
2015-02-25,0.0,0.0,0.0,0.0
2015-02-26,0.0,0.0,0.0,0.0
2015-02-27,0.0,0.0,0.0,0.0
2015-02-28,0.0,0.0,0.4,0.0
2015-03-01,0.0,0.0,0.1,0.0
2015-03-02,0.0,0.0,0.0,0.0
2015-03-03,0.0,0.0,0.0,0.0
2015-03-04,0.0,0.0,0.0,0.0
2015-03-05,0.0,0.0,0.0,0.0
2015-03-06,0.0,0.0,0.0,0.0
2015-03-07,0.0,0.0,0.0,0.0
2015-03-08,0.5,0.0,0.0,1.6
2015-03-09,0.0,0.0,0.4,9.4
2015-03-10,19.0,0.0,3.6,0.0
2015-03-11,0.0,0.0,0.0,0.0
2015-03-12,0.0,0.0,0.0,0.0
2015-03-13,0.0,0.0,0.0,0.0
2015-03-14,0.0,0.0,0.0,0.0
2015-03-15,0.0,0.0,0.0,0.0
2015-03-16,0.0,0.0,0.0,0.0
2015-03-17,0.0,0.0,0.0,0.0
2015-03-18,0.0,0.0,0.0,0.0
2015-03-19,0.0,0.0,0.0,0.0
2015-03-20,0.0,0.0,0.0,0.0
2015-03-21,0.0,0.0,0.0,0.0
2015-03-22,0.0,0.0,0.0,0.0
2015-03-23,0.0,0.0,0.0,0.0
2015-03-24,0.0,0.0,0.0,0.0
2015-03-25,0.0,0.7,0.0,0.0
2015-03-26,1.8,9.6,2.2,0.0
2015-03-27,5.2,5.0,2.6,0.4
2015-03-28,1.0,0.6,2.2,1.9
2015-03-29,8.0,25.7,2.0,3.1
2015-03-30,54.0,7.2,0.4,0.4
2015-03-31,1.0,1.2,5.5,4.6
2015-04-01,15.5,3.5,4.9,4.5
2015-04-02,1.0,13.5,8.7,42.5
2015-04-03,0.0,0.5,0.0,0.0
2015-04-04,0.0,0.0,0.0,0.0
2015-04-05,0.0,0.0,0.0,0.0
2015-04-06,0.0,0.0,0.0,0.0
2015-04-07,0.0,0.0,0.0,0.0
2015-04-08,0.0,0.0,0.0,0.0
2015-04-09,0.4,7.6,4.9,0.4
2015-04-10,27.1,14.9,17.6,29.1
2015-04-11,0.0,0.0,0.0,0.0
2015-04-12,0.0,0.0,0.0,0.0
2015-04-13,0.0,0.0,0.4,5.4
2015-04-14,9.1,4.0,19.0,73.1
2015-04-15,0.9,1.0,27.6,43.0
2015-04-16,0.0,0.0,0.0,0.0
2015-04-17,0.0,0.0,0.0,0.0
2015-04-18,0.0,0.3,0.0,0.0
2015-04-19,0.0,1.2,0.0,0.0
2015-04-20,0.0,12.0,0.0,0.0
2015-04-21,0.0,0.0,0.0,0.0
2015-04-22,0.0,0.0,0.0,0.4
2015-04-23,0.0,0.0,0.0,5.1
2015-04-24,0.0,0.4,1.0,51.1
2015-04-25,0.0,0.5,15.0,6.0
2015-04-26,0.0,0.6,25.2,0.4
2015-04-27,0.0,66.0,75.3,38.6
2015-04-28,0.0,0.0,0.0,0.5
2015-04-29,0.0,0.0,0.0,0.0
2015-04-30,0.0,11.0,0.0,0.0
2015-05-01,0.0,54.5,0.0,0.0
2015-05-02,0.0,0.0,0.5,0.0
2015-05-03,0.0,0.0,0.0,0.0
2015-05-04,0.0,0.0,0.0,0.0
2015-05-05,0.0,0.0,0.0,0.0
2015-05-06,0.0,0.0,0.0,0.0
2015-05-07,0.0,0.0,0.0,0.0
2015-05-08,44.0,0.0,0.0,0.0
2015-05-09,0.0,8.5,0.0,0.0
2015-05-10,11.8,0.4,7.4,0.0
2015-05-11,45.7,14.1,31.1,0.0
2015-05-12,0.0,4.0,0.0,0.0
2015-05-13,0.0,0.0,0.0,0.0
2015-05-14,20.0,0.0,0.4,0.0
2015-05-15,0.0,10.0,2.1,0.0
2015-05-16,0.0,1.0,0.0,0.0
2015-05-17,0.5,0.5,0.0,0.0
2015-05-18,0.0,18.5,0.0,0.0
2015-05-19,0.0,0.0,0.0,0.0
2015-05-20,0.0,11.0,0.0,0.0
2015-05-21,0.5,0.0,0.0,0.0
2015-05-22,1.0,12.5,7.5,0.0
2015-05-23,0.0,0.0,0.0,0.0
2015-05-24,0.5,1.7,0.0,0.0
2015-05-25,7.0,0.8,7.3,3.5
2015-05-26,0.0,13.8,0.2,0.5
2015-05-27,0.0,0.2,0.0,23.5
2015-05-28,0.0,0.0,0.0,0.0
2015-05-29,0.5,0.0,0.0,0.0
2015-05-30,5.0,0.0,0.5,0.0
2015-05-31,0.0,0.0,0.0,1.5
2015-06-01,0.0,0.0,0.0,0.0
2015-06-02,0.0,0.0,0.0,0.0
2015-06-03,0.0,0.0,0.0,0.0
2015-06-04,0.0,0.0,0.0,0.0
2015-06-05,0.0,0.0,0.0,0.0
2015-06-06,0.0,0.0,0.0,0.0
2015-06-07,0.0,0.0,0.0,0.0
2015-06-08,0.0,47.5,0.0,0.0
2015-06-09,0.0,7.5,0.0,0.0
2015-06-10,0.0,0.2,0.0,0.0
2015-06-11,0.0,0.8,0.0,0.0
2015-06-12,0.0,2.0,47.5,4.5
2015-06-13,2.3,0.5,1.5,32.5
2015-06-14,20.2,0.4,37.0,0.4
2015-06-15,0.0,1.1,26.0,35.7
2015-06-16,0.0,0.0,4.0,8.0
2015-06-17,0.5,0.0,2.0,9.4
2015-06-18,0.0,0.0,0.0,0.0
2015-06-19,0.0,0.0,0.5,0.4
2015-06-20,0.0,0.0,22.0,30.1
2015-06-21,0.0,0.5,0.4,0.0
2015-06-22,0.0,0.0,0.1,0.0
2015-06-23,0.0,0.0,0.0,0.5
2015-06-24,0.0,0.0,0.0,0.0
2015-06-25,0.0,0.0,0.0,0.0
2015-06-26,0.0,0.5,0.0,6.5
2015-06-27,0.4,3.0,0.0,0.0
2015-06-28,22.1,4.5,31.5,0.3
2015-06-29,0.0,0.0,0.0,1.6
2015-06-30,0.4,0.4,0.4,14.1
2015-07-01,14.1,3.1,7.6,12.5
2015-07-02,7.5,1.0,0.0,0.1
2015-07-03,31.1,2.3,7.2,0.1
2015-07-04,18.4,11.7,18.3,0.7
2015-07-05,0.0,0.0,0.5,19.5
2015-07-06,3.4,24.5,15.5,17.4
2015-07-07,5.4,6.0,1.0,0.2
2015-07-08,0.7,6.5,6.0,20.8
2015-07-09,0.0,0.0,0.5,0.5
2015-07-10,0.5,0.0,7.0,5.5
2015-07-11,0.0,0.0,10.0,25.9
2015-07-12,0.0,0.5,22.2,0.3
2015-07-13,0.0,12.5,21.0,27.2
2015-07-14,0.0,1.5,0.3,5.5
2015-07-15,0.0,6.0,20.0,0.0
2015-07-16,0.0,0.0,0.0,0.0
2015-07-17,10.8,21.5,0.0,0.0
2015-07-18,1.1,0.0,2.0,16.1
2015-07-19,1.6,0.0,0.0,38.9
2015-07-20,0.0,0.0,0.0,0.0
2015-07-21,13.0,0.0,9.0,5.0
2015-07-22,0.5,0.0,0.0,1.0
2015-07-23,0.0,0.0,0.0,0.0
2015-07-24,0.0,0.0,0.0,0.0
2015-07-25,0.0,0.0,0.0,0.0
2015-07-26,0.0,0.0,0.5,0.0
2015-07-27,12.0,40.0,0.0,0.0
2015-07-28,0.0,0.0,0.0,0.0
2015-07-29,0.0,0.4,0.0,0.0
2015-07-30,0.5,75.3,0.0,0.0
2015-07-31,96.9,40.3,0.0,0.0
2015-08-01,4.4,0.0,0.0,0.0
2015-08-02,0.6,0.4,0.4,0.0
2015-08-03,9.1,11.6,21.6,76.1
2015-08-04,1.0,0.0,0.0,13.2
2015-08-05,0.0,0.0,0.0,13.3
2015-08-06,1.0,0.5,1.5,2.5
2015-08-07,17.5,0.0,7.5,9.5
2015-08-08,4.0,15.5,7.0,15.5
2015-08-09,34.5,12.5,8.5,7.5
2015-08-10,1.4,12.2,0.3,0.0
2015-08-11,39.1,0.3,7.7,0.0
2015-08-12,0.0,4.0,4.5,5.0
2015-08-13,0.0,0.5,0.0,0.0
2015-08-14,0.0,0.5,0.0,0.4
2015-08-15,3.9,7.0,0.0,34.6
2015-08-16,30.1,0.0,0.0,1.0
2015-08-17,2.0,0.0,0.0,4.2
2015-08-18,0.5,0.0,0.0,1.3
2015-08-19,0.5,0.4,0.5,34.5
2015-08-20,16.0,9.1,1.0,0.5
2015-08-21,4.6,2.5,4.0,19.0
2015-08-22,0.5,0.0,4.5,32.5
2015-08-23,26.0,0.0,0.0,10.5
2015-08-24,1.5,13.0,31.5,0.5
2015-08-25,0.5,0.5,0.4,0.4
2015-08-26,0.0,0.0,0.6,1.1
2015-08-27,0.5,0.0,0.0,0.0
2015-08-28,0.0,0.5,0.0,0.0
2015-08-29,0.0,0.0,0.0,0.0
2015-08-30,0.5,0.5,9.0,20.5
2015-08-31,0.5,0.0,0.0,0.0
2015-09-01,12.0,0.0,0.0,28.5
2015-09-02,11.0,0.5,0.0,0.0
2015-09-03,0.0,0.0,0.0,0.0
2015-09-04,0.0,0.0,0.0,0.0
2015-09-05,0.4,0.0,0.0,0.0
2015-09-06,16.6,0.0,0.0,0.0
2015-09-07,0.0,0.9,0.0,0.0
2015-09-08,19.5,17.1,2.5,15.0
2015-09-09,1.5,2.5,0.0,5.5
2015-09-10,4.0,0.5,0.5,1.0
2015-09-11,0.0,0.0,0.0,2.5
2015-09-12,0.5,10.0,0.0,0.0
2015-09-13,2.0,1.0,16.0,0.0
2015-09-14,0.0,9.5,6.5,1.5
2015-09-15,0.5,0.0,0.0,0.5
2015-09-16,7.5,12.3,13.4,14.4
2015-09-17,0.5,3.2,7.6,0.6
2015-09-18,0.0,4.0,0.0,0.0
2015-09-19,0.0,0.0,0.0,0.0
2015-09-20,0.0,0.0,0.0,0.0
2015-09-21,0.0,2.0,0.0,0.0
2015-09-22,0.0,21.0,0.0,0.4
2015-09-23,0.0,0.0,0.0,0.6
2015-09-24,0.0,0.0,0.0,0.4
2015-09-25,0.0,0.5,1.0,42.6
2015-09-26,0.0,5.0,0.0,57.8
2015-09-27,0.4,17.2,0.0,12.7
2015-09-28,26.1,3.4,0.0,12.5
2015-09-29,0.0,6.9,0.0,0.0
2015-09-30,0.0,4.6,0.0,0.0
2015-10-01,0.4,17.5,0.0,0.0
2015-10-02,1.1,0.5,0.0,0.0
2015-10-03,0.0,0.0,0.0,0.0
2015-10-04,0.0,0.0,0.0,0.0
2015-10-05,1.0,0.0,0.0,0.0
2015-10-06,0.5,0.0,0.0,2.4
2015-10-07,9.0,0.0,0.0,3.1
2015-10-08,0.5,0.0,0.0,0.0
2015-10-09,0.0,11.0,0.0,10.7
2015-10-10,0.0,73.0,0.0,1.3
2015-10-11,0.0,0.0,0.0,0.0
2015-10-12,0.0,0.0,0.0,0.0
2015-10-13,0.0,0.0,0.0,0.0
2015-10-14,0.0,21.5,0.3,0.0
2015-10-15,0.0,0.0,14.7,1.5
2015-10-16,0.0,10.2,1.5,0.5
2015-10-17,0.0,4.3,62.8,3.9
2015-10-18,0.5,40.0,48.8,13.5
2015-10-19,9.0,2.0,0.9,15.6
2015-10-20,3.1,0.0,0.0,0.0
2015-10-21,0.0,0.0,0.0,0.0
2015-10-22,0.0,0.0,0.0,0.0
2015-10-23,0.4,5.5,0.0,0.0
2015-10-24,2.6,0.0,11.5,2.0
2015-10-25,0.5,0.5,0.5,1.5
2015-10-26,33.3,0.0,16.8,17.2
2015-10-27,9.6,3.0,4.6,16.3
2015-10-28,20.2,20.5,5.5,128.1
2015-10-29,4.3,48.6,37.2,54.1
2015-10-30,40.1,27.5,56.8,39.3
2015-10-31,4.6,4.8,3.9,11.8
2015-11-01,2.9,3.7,6.6,8.2
2015-11-02,0.5,25.3,2.3,27.4
2015-11-03,1.0,1.1,16.3,10.0
2015-11-04,0.0,6.6,40.6,60.6
2015-11-05,0.5,6.1,4.2,2.4
2015-11-06,28.3,23.9,9.6,15.5
2015-11-07,2.7,0.0,0.9,0.1
2015-11-08,1.5,3.5,0.0,0.0
2015-11-09,0.0,0.0,0.5,2.0
2015-11-10,0.0,4.0,0.4,0.5
2015-11-11,0.0,5.0,2.4,5.9
2015-11-12,0.0,0.5,0.2,1.1
2015-11-13,0.0,29.0,0.0,0.0
2015-11-14,0.0,1.3,0.4,10.7
2015-11-15,0.8,3.0,32.2,5.8
2015-11-16,4.6,9.2,34.7,25.0
2015-11-17,3.0,5.5,2.7,0.5
2015-11-18,0.0,1.5,0.0,3.8
2015-11-19,0.3,20.6,1.0,8.2
2015-11-20,23.8,35.4,14.9,49.8
2015-11-21,38.4,30.8,57.2,17.1
2015-11-22,0.8,3.9,83.4,0.7
2015-11-23,9.7,2.2,11.5,6.5
2015-11-24,28.0,5.5,7.4,1.8
2015-11-25,0.6,0.6,23.8,7.7
2015-11-26,6.7,14.3,26.6,202.4
2015-11-27,44.9,55.1,109.3,1.2
2015-11-28,38.3,132.0,3.5,6.9
2015-11-29,10.4,8.8,23.6,39.1
2015-11-30,40.0,17.5,51.3,14.6
2015-12-01,0.5,5.5,3.0,1.4
2015-12-02,7.0,0.5,1.0,14.4
2015-12-03,0.0,16.0,6.0,0.4
2015-12-04,0.0,0.0,2.7,18.2
2015-12-05,0.0,3.0,0.7,31.8
2015-12-06,11.8,5.8,65.2,7.7
2015-12-07,30.3,16.7,22.3,16.7
2015-12-08,3.9,28.6,8.5,1.7
2015-12-09,2.0,20.4,8.0,0.0
2015-12-10,0.0,8.5,0.4,1.0
2015-12-11,0.0,3.9,14.1,7.7
2015-12-12,16.5,37.7,5.3,1.2
2015-12-13,50.5,11.4,21.7,1.1
2015-12-14,0.0,7.0,0.0,0.0
2015-12-15,0.0,0.0,0.0,3.1
2015-12-16,0.5,0.4,27.1,98.7
2015-12-17,18.9,11.9,34.4,2.1
2015-12-18,0.6,4.6,0.0,0.0
2015-12-19,0.0,1.5,0.0,0.0
2015-12-20,0.0,0.0,0.5,14.0
2015-12-21,0.0,3.0,7.0,22.0
2015-12-22,0.0,0.5,1.5,50.3
2015-12-23,33.5,0.5,0.4,6.3
2015-12-24,0.9,18.2,20.0,12.3
2015-12-25,34.5,36.5,39.0,18.4
2015-12-26,1.6,0.8,9.1,4.6
2015-12-27,47.4,145.5,6.1,8.0
2015-12-28,126.1,269.0,2.9,0.0
2015-12-29,0.4,3.6,1.5,0.4
2015-12-30,0.5,0.3,0.0,7.1
2015-12-31,22.5,27.0,8.5,0.4
2016-01-01,8.1,20.2,5.0,0.1
2016-01-02,0.0,0.5,0.0,8.0
2016-01-03,7.2,0.7,8.6,0.5
2016-01-04,6.3,5.3,0.4,0.5
2016-01-05,0.4,0.4,0.4,0.1
2016-01-06,0.6,1.6,6.1,0.0
2016-01-07,0.0,0.0,0.0,0.0
2016-01-08,0.0,0.0,0.0,0.0
2016-01-09,0.0,0.0,0.0,0.0
2016-01-10,0.0,0.0,0.0,0.0
2016-01-11,0.0,0.0,15.5,0.0
2016-01-12,0.0,0.0,0.0,1.5
2016-01-13,0.0,0.0,1.9,0.3
2016-01-14,3.0,5.7,16.5,3.9
2016-01-15,0.5,24.3,53.1,9.8
2016-01-16,0.0,3.0,0.0,0.0
2016-01-17,10.0,0.0,0.0,0.0
2016-01-18,0.5,0.0,0.0,0.0
2016-01-19,0.0,0.0,0.0,0.0
2016-01-20,0.0,0.0,0.0,0.0
2016-01-21,2.7,9.2,5.5,14.5
2016-01-22,4.8,64.8,0.0,2.5
2016-01-23,0.0,0.5,0.5,1.5
2016-01-24,7.5,10.1,1.0,4.0
2016-01-25,7.6,11.7,1.0,2.4
2016-01-26,6.2,62.5,15.9,5.6
2016-01-27,0.7,6.0,0.5,0.8
2016-01-28,8.5,25.2,1.5,1.7
2016-01-29,0.0,0.5,0.0,26.1
2016-01-30,0.4,0.0,0.3,0.0
2016-01-31,0.6,29.0,0.2,0.0
2016-02-01,0.0,0.0,0.0,0.4
2016-02-02,4.2,10.7,6.5,13.8
2016-02-03,5.7,18.3,8.9,4.2
2016-02-04,21.7,85.1,44.7,24.6
2016-02-05,20.8,29.2,2.7,21.4
2016-02-06,6.4,57.4,4.5,23.1
2016-02-07,6.5,23.0,0.4,4.5
2016-02-08,0.2,0.4,0.5,0.0
2016-02-09,0.0,0.5,0.0,0.0
2016-02-10,0.5,6.0,2.5,0.4
2016-02-11,0.0,20.0,0.0,0.5
2016-02-12,14.5,12.9,0.5,1.0
2016-02-13,30.0,82.1,4.5,17.1
2016-02-14,0.0,0.0,0.0,0.0
2016-02-15,0.0,0.0,0.0,0.4
2016-02-16,0.0,1.0,0.0,6.9
2016-02-17,1.4,1.2,0.4,4.2
2016-02-18,2.1,4.5,2.1,1.4
2016-02-19,1.5,7.3,0.0,1.6
2016-02-20,1.0,0.0,0.0,0.0
2016-02-21,0.0,0.0,0.0,0.0
2016-02-22,0.0,0.0,0.0,0.0
2016-02-23,0.0,0.0,0.0,0.0
2016-02-24,1.5,1.5,0.4,0.0
2016-02-25,0.5,2.0,2.1,0.0
2016-02-26,2.0,12.0,3.1,3.8
2016-02-27,11.0,13.5,15.3,10.5
2016-02-28,4.9,17.2,2.6,1.6
2016-02-29,4.6,0.3,0.5,0.0
2016-03-01,0.0,0.4,0.0,1.0
2016-03-02,0.0,0.1,0.0,0.0
2016-03-03,0.0,0.0,0.0,0.0
2016-03-04,0.0,0.0,0.0,0.0
2016-03-05,0.0,0.0,0.0,0.0
2016-03-06,0.0,0.0,0.4,0.0
2016-03-07,0.0,0.0,0.6,0.0
2016-03-08,0.0,0.0,0.0,1.5
2016-03-09,0.0,0.0,0.0,0.0
2016-03-10,0.0,0.0,0.0,0.0
2016-03-11,0.0,0.0,0.0,0.0
2016-03-12,5.0,0.0,0.4,0.0
2016-03-13,0.0,0.0,2.6,0.0
2016-03-14,0.0,0.0,0.0,0.0
2016-03-15,0.0,0.0,0.0,0.0
2016-03-16,0.0,0.0,0.0,0.0
2016-03-17,0.0,0.0,0.0,0.0
2016-03-18,0.0,0.0,0.0,0.0
2016-03-19,0.0,0.0,0.0,0.0
2016-03-20,0.0,0.0,0.0,0.0
2016-03-21,0.0,0.0,0.0,0.0
2016-03-22,0.0,0.0,0.0,0.0
2016-03-23,0.0,0.0,0.0,0.0
2016-03-24,0.0,0.0,0.0,0.0
2016-03-25,0.0,0.0,0.0,0.0
2016-03-26,0.0,3.0,0.0,3.5
2016-03-27,0.0,1.7,3.8,2.4
2016-03-28,2.0,10.2,3.7,17.6
2016-03-29,0.0,1.1,0.0,0.0
2016-03-30,0.0,0.0,0.0,0.0
2016-03-31,0.0,0.0,0.0,0.0
2016-04-01,0.0,0.0,0.0,0.0
2016-04-02,0.0,0.0,0.0,0.0
2016-04-03,0.0,9.0,0.0,0.4
2016-04-04,0.0,0.0,0.0,0.1
2016-04-05,0.0,0.0,0.0,0.0
2016-04-06,0.0,0.0,0.0,0.0
2016-04-07,0.0,0.0,0.0,0.0
2016-04-08,0.0,0.0,0.0,0.0
2016-04-09,0.0,0.0,0.0,0.0
2016-04-10,0.0,0.0,0.0,0.0
2016-04-11,0.0,0.0,0.0,0.0
2016-04-12,0.0,21.0,0.0,0.0
2016-04-13,1.0,3.5,0.0,0.0
2016-04-14,0.0,25.0,0.0,0.0
2016-04-15,0.5,0.5,2.0,0.5
2016-04-16,0.0,0.0,0.0,0.0
2016-04-17,0.0,0.0,0.0,0.0
2016-04-18,0.0,0.0,0.0,0.0
2016-04-19,0.0,0.0,0.0,0.0
2016-04-20,0.0,0.0,0.0,0.0
2016-04-21,0.0,0.0,0.0,0.0
2016-04-22,0.0,0.0,0.0,0.0
2016-04-23,0.0,0.0,0.0,0.0
2016-04-24,0.0,0.0,0.0,0.0
2016-04-25,0.0,0.0,0.0,0.0
2016-04-26,0.0,0.0,0.0,0.0
2016-04-27,0.0,0.0,0.0,0.0
2016-04-28,0.5,0.0,0.0,0.0
2016-04-29,0.0,0.0,0.0,0.0
2016-04-30,0.0,0.0,0.0,0.0
2016-05-01,0.0,0.0,0.0,0.0
2016-05-02,0.0,17.5,0.0,0.0
2016-05-03,0.4,0.0,0.0,0.0
2016-05-04,0.6,0.0,0.0,0.0
2016-05-05,0.0,0.0,0.0,0.0
2016-05-06,0.3,0.0,0.0,0.0
2016-05-07,0.7,8.0,0.0,0.0
2016-05-08,0.0,0.0,0.0,0.0
2016-05-09,0.0,0.0,0.0,0.0
2016-05-10,0.4,0.0,0.0,0.0
2016-05-11,6.1,0.0,0.0,0.0
2016-05-12,0.0,0.0,0.0,0.0
2016-05-13,0.0,2.5,0.0,0.0
2016-05-14,0.0,0.0,0.0,0.0
2016-05-15,0.0,0.0,0.0,0.0
2016-05-16,0.0,7.0,0.0,0.0
2016-05-17,0.0,9.5,0.5,0.5
2016-05-18,0.0,6.5,0.0,0.0
2016-05-19,0.0,22.0,0.0,0.4
2016-05-20,0.0,0.0,0.0,14.1
2016-05-21,12.5,0.0,0.0,0.0
2016-05-22,0.0,0.0,0.0,0.0
2016-05-23,0.0,0.0,0.0,0.0
2016-05-24,0.0,0.0,0.0,12.0
2016-05-25,7.5,21.0,1.5,0.0
2016-05-26,0.0,7.0,22.0,0.0
2016-05-27,2.0,8.5,39.0,9.5
2016-05-28,0.5,26.4,0.4,9.0
2016-05-29,0.5,19.8,8.6,14.3
2016-05-30,0.0,7.3,47.0,24.2
2016-05-31,0.0,0.5,0.0,0.5
2016-06-01,0.0,5.0,0.5,2.5
2016-06-02,0.0,1.5,0.4,9.5
2016-06-03,0.5,50.9,1.0,0.5
2016-06-04,2.0,0.6,0.0,0.0
2016-06-05,0.0,0.0,0.0,0.0
2016-06-06,6.0,0.0,0.0,0.0
2016-06-07,0.0,0.0,0.0,1.5
2016-06-08,2.0,4.0,11.0,44.3
2016-06-09,0.0,0.0,0.0,0.7
2016-06-10,0.4,0.0,0.0,10.0
2016-06-11,20.1,0.0,0.0,0.0
2016-06-12,0.5,0.4,0.0,0.0
2016-06-13,7.0,6.6,31.3,0.0
2016-06-14,4.6,0.0,0.7,0.4
2016-06-15,71.1,0.0,0.0,13.6
2016-06-16,1.2,7.0,0.0,22.0
2016-06-17,0.0,34.0,11.0,1.0
2016-06-18,7.0,1.0,1.1,0.0
2016-06-19,0.0,0.3,16.2,0.5
2016-06-20,0.0,0.2,1.7,8.5
2016-06-21,0.5,21.0,25.2,41.4
2016-06-22,13.0,0.5,0.3,0.1
2016-06-23,0.0,0.9,39.4,35.4
2016-06-24,0.5,8.1,6.1,1.1
2016-06-25,0.0,0.5,4.5,0.0
2016-06-26,26.4,12.2,46.0,34.5
2016-06-27,0.1,1.8,0.0,0.0
2016-06-28,0.0,0.0,0.0,0.0
2016-06-29,0.4,8.7,11.5,0.0
2016-06-30,0.6,0.3,0.5,0.0
2016-07-01,0.3,0.0,0.0,0.0
2016-07-02,0.2,0.5,0.0,0.0
2016-07-03,0.0,0.0,0.0,0.0
2016-07-04,0.0,0.0,0.0,0.0
2016-07-05,23.0,5.7,37.8,0.0
2016-07-06,0.5,15.8,4.7,9.0
2016-07-07,43.5,1.0,11.0,14.5
2016-07-08,0.0,14.5,12.0,0.0
2016-07-09,0.0,0.5,0.0,0.0
2016-07-10,0.0,0.5,0.5,24.5
2016-07-11,0.0,0.5,35.0,0.5
2016-07-12,0.0,25.0,1.4,0.9
2016-07-13,17.5,0.0,37.6,3.6
2016-07-14,0.0,6.8,3.5,2.0
2016-07-15,0.0,0.2,1.5,0.0
2016-07-16,0.5,0.0,0.0,0.0
2016-07-17,0.0,0.0,0.0,0.0
2016-07-18,1.8,25.0,0.5,0.5
2016-07-19,0.2,0.5,36.5,4.5
2016-07-20,0.0,4.0,24.5,1.5
2016-07-21,0.0,2.5,0.5,0.0
2016-07-22,6.0,1.0,4.0,1.0
2016-07-23,0.4,0.0,0.0,0.0
2016-07-24,1.1,5.0,1.0,0.0
2016-07-25,0.0,31.6,20.7,9.2
2016-07-26,5.0,14.7,35.9,39.1
2016-07-27,0.9,0.7,1.4,34.7
2016-07-28,6.1,25.4,19.4,11.5
2016-07-29,0.0,8.2,7.2,0.0
2016-07-30,6.0,0.0,0.0,0.0
2016-07-31,0.5,0.0,0.0,0.0
2016-08-01,0.0,0.0,0.0,0.0
2016-08-02,0.0,0.0,0.0,0.0
2016-08-03,0.0,0.0,0.0,0.0
2016-08-04,0.0,0.0,0.0,0.0
2016-08-05,0.4,0.0,0.0,0.5
2016-08-06,2.1,0.0,0.0,4.0
2016-08-07,22.4,0.0,7.5,44.5
2016-08-08,0.1,0.0,0.0,0.0
2016-08-09,0.0,1.0,1.6,1.3
2016-08-10,2.2,39.9,3.4,25.7
2016-08-11,39.8,6.6,0.0,12.0
2016-08-12,0.0,5.5,0.0,19.5
2016-08-13,0.0,3.0,3.0,5.5
2016-08-14,0.0,0.0,0.0,0.0
2016-08-15,0.0,0.0,25.0,0.0
2016-08-16,0.0,4.0,2.0,0.0
2016-08-17,1.7,9.5,0.0,0.0
2016-08-18,1.8,0.9,0.0,7.5
2016-08-19,0.5,2.1,0.0,0.0
2016-08-20,0.0,41.3,0.0,2.0
2016-08-21,0.0,1.2,0.0,1.3
2016-08-22,0.0,0.0,0.0,24.7
2016-08-23,2.5,2.0,0.0,1.0
2016-08-24,0.0,2.0,13.0,13.8
2016-08-25,0.5,1.3,32.0,25.2
2016-08-26,9.0,29.2,1.0,0.0
2016-08-27,0.0,0.0,0.0,26.0
2016-08-28,0.0,22.5,22.5,15.0
2016-08-29,0.5,3.0,0.3,0.0
2016-08-30,12.0,8.5,6.7,4.0
2016-08-31,0.4,2.3,0.0,0.4
2016-09-01,23.5,0.2,0.0,0.1
2016-09-02,2.7,0.0,0.0,0.0
2016-09-03,0.0,6.5,0.0,0.0
2016-09-04,0.0,13.0,0.0,0.0
2016-09-05,18.2,12.8,0.4,11.5
2016-09-06,46.3,6.7,0.3,0.0
2016-09-07,1.4,10.3,0.3,0.5
2016-09-08,0.1,29.9,5.0,2.9
2016-09-09,0.0,0.3,0.0,57.3
2016-09-10,0.0,0.0,0.0,7.8
2016-09-11,0.0,6.7,53.5,0.0
2016-09-12,1.0,0.3,0.0,8.0
2016-09-13,107.2,0.0,0.0,0.0
2016-09-14,16.8,16.5,1.0,55.0
2016-09-15,9.5,11.5,6.9,0.0
2016-09-16,0.5,0.5,0.6,0.0
2016-09-17,4.5,47.5,23.5,15.0
2016-09-18,31.4,5.0,0.0,0.2
2016-09-19,8.1,4.5,8.3,0.6
2016-09-20,11.3,0.0,1.1,0.2
2016-09-21,6.2,13.8,17.2,24.6
2016-09-22,10.5,14.7,4.0,0.9
2016-09-23,5.5,0.0,0.0,0.0
2016-09-24,0.4,0.4,0.4,0.0
2016-09-25,25.6,2.1,2.5,0.5
2016-09-26,0.0,0.0,3.6,14.0
2016-09-27,1.6,0.0,14.8,4.5
2016-09-28,10.3,35.0,2.8,9.5
2016-09-29,9.0,0.5,0.4,0.0
2016-09-30,21.5,0.0,0.0,0.0
2016-10-01,1.0,0.0,0.0,0.0
2016-10-02,0.0,0.4,0.0,13.5
2016-10-03,1.0,11.1,1.5,9.5
2016-10-04,24.0,0.0,1.5,20.5
2016-10-05,0.0,12.1,70.9,0.0
2016-10-06,0.0,1.4,5.1,0.0
2016-10-07,0.0,22.5,25.5,28.3
2016-10-08,0.0,4.0,2.0,12.2
2016-10-09,29.0,1.0,4.5,0.5
2016-10-10,29.6,5.0,3.5,9.5
2016-10-11,0.9,0.5,0.0,0.0
2016-10-12,4.8,3.0,25.0,0.0
2016-10-13,0.7,0.0,0.0,0.0
2016-10-14,5.0,7.5,10.9,25.5
2016-10-15,0.0,8.1,1.6,0.0
2016-10-16,9.5,7.4,0.4,0.0
2016-10-17,0.5,29.0,0.6,9.4
2016-10-18,0.0,1.7,29.0,69.6
2016-10-19,2.0,2.3,21.0,26.0
2016-10-20,3.0,16.6,2.5,22.0
2016-10-21,3.3,2.4,41.6,20.8
2016-10-22,8.7,57.5,16.5,20.7
2016-10-23,17.7,3.5,3.4,20.0
2016-10-24,24.3,0.0,1.1,0.0
2016-10-25,0.0,0.5,0.0,0.0
2016-10-26,0.8,2.0,0.0,0.0
2016-10-27,21.7,1.0,0.0,0.0
2016-10-28,0.4,1.0,59.1,59.4
2016-10-29,6.6,3.0,5.4,11.1
2016-10-30,5.0,12.0,1.5,0.5
2016-10-31,35.1,6.8,8.8,43.8
2016-11-01,13.4,11.6,21.5,8.7
2016-11-02,1.0,2.1,0.2,8.0
2016-11-03,0.5,0.0,0.0,2.5
2016-11-04,2.0,0.0,10.0,0.9
2016-11-05,10.0,13.0,2.1,0.5
2016-11-06,12.8,7.0,0.9,17.7
2016-11-07,1.2,8.5,18.5,27.9
2016-11-08,1.0,0.5,1.5,0.0
2016-11-09,0.0,2.5,9.1,1.5
2016-11-10,2.5,3.5,3.0,3.5
2016-11-11,19.4,3.0,64.7,64.5
2016-11-12,6.1,1.3,21.3,20.4
2016-11-13,0.0,7.7,0.5,2.7
2016-11-14,19.5,0.5,27.9,23.5
2016-11-15,0.0,24.8,12.9,17.0
2016-11-16,9.0,80.7,59.4,64.0
2016-11-17,0.0,6.6,17.0,0.7
2016-11-18,0.0,0.0,14.3,33.8
2016-11-19,0.9,0.0,0.9,0.4
2016-11-20,14.6,13.5,11.4,7.6
2016-11-21,0.0,0.5,2.1,0.0
2016-11-22,8.0,0.0,0.0,0.0
2016-11-23,0.4,0.0,8.9,0.0
2016-11-24,13.1,0.0,2.1,0.0
2016-11-25,0.5,1.5,3.4,0.5
2016-11-26,18.3,32.2,43.8,37.4
2016-11-27,39.2,4.2,6.8,17.6
2016-11-28,9.4,8.1,1.7,1.9
2016-11-29,188.1,98.0,158.8,89.5
2016-11-30,0.4,1.8,6.5,4.1
2016-12-01,85.1,59.9,77.4,97.3
2016-12-02,14.0,29.5,78.6,88.4
2016-12-03,79.9,24.1,40.4,84.3
2016-12-04,2.6,7.5,6.0,6.6
2016-12-05,1.4,1.0,8.8,0.5
2016-12-06,2.4,14.8,7.0,11.9
2016-12-07,2.7,41.1,67.1,3.0
2016-12-08,8.0,20.0,47.1,28.3
2016-12-09,0.4,1.6,7.0,4.3
2016-12-10,61.2,41.1,17.9,0.6
2016-12-11,2.5,8.4,10.1,3.4
2016-12-12,0.0,0.2,0.0,0.0
2016-12-13,1.5,7.6,0.0,0.0
2016-12-14,0.0,0.1,0.0,0.0
2016-12-15,0.0,0.0,0.0,0.0
2016-12-16,0.5,46.5,0.4,0.0
2016-12-17,1.5,8.6,97.1,54.0
2016-12-18,0.6,8.6,25.6,3.8
2016-12-19,12.4,21.4,87.5,42.8
2016-12-20,0.6,3.0,25.9,112.1
2016-12-21,0.0,1.0,7.0,4.2
2016-12-22,0.4,25.4,8.2,42.5
2016-12-23,53.1,122.4,99.8,236.5
2016-12-24,80.5,9.7,0.0,0.9
2016-12-25,102.9,47.2,2.1,11.6
2016-12-26,25.1,37.0,41.3,14.5
2016-12-27,4.4,24.7,9.6,7.7
2016-12-28,0.1,0.0,0.0,4.0
2016-12-29,0.0,0.0,0.4,0.4
2016-12-30,20.6,22.9,12.6,22.8
2016-12-31,82.8,206.8,127.8,19.1
2017-01-01,17.6,49.0,19.6,40.1
2017-01-02,46.6,48.3,20.4,44.9
2017-01-03,240.1,352.4,37.2,65.4
2017-01-04,46.8,14.6,73.7,72.1
2017-01-05,0.0,11.5,2.2,19.9
2017-01-06,26.9,14.4,18.9,9.5
2017-01-07,4.6,1.6,13.1,37.6
2017-01-08,0.0,0.5,7.5,5.0
2017-01-09,1.5,3.0,0.0,0.0
2017-01-10,0.5,0.0,0.5,0.4
2017-01-11,0.0,0.0,0.0,0.1
2017-01-12,0.0,0.0,0.0,0.0
2017-01-13,0.0,0.0,0.0,0.0
2017-01-14,0.0,0.0,0.0,0.0
2017-01-15,0.0,0.0,0.0,0.0
2017-01-16,0.0,0.0,14.4,20.9
2017-01-17,84.0,48.5,66.3,17.9
2017-01-18,0.5,0.9,9.7,44.2
2017-01-19,17.5,91.7,33.9,89.4
2017-01-20,9.3,140.2,61.1,322.2
2017-01-21,51.9,298.2,16.9,123.6
2017-01-22,28.3,35.0,2.8,2.8
2017-01-23,8.8,37.4,2.3,2.0
2017-01-24,137.9,59.2,9.7,18.7
2017-01-25,25.4,26.7,37.9,98.3
2017-01-26,2.5,49.7,10.7,10.0
2017-01-27,3.0,11.9,0.3,1.0
2017-01-28,0.5,0.0,0.5,0.5
2017-01-29,0.0,0.0,0.3,0.0
2017-01-30,0.0,3.0,2.5,0.3
2017-01-31,0.0,0.0,1.7,7.2
2017-02-01,0.0,0.5,0.0,0.0
2017-02-02,0.4,0.4,0.9,0.5
2017-02-03,5.1,13.8,64.5,14.0
2017-02-04,3.3,22.3,0.6,0.0
2017-02-05,0.2,0.3,0.0,0.0
2017-02-06,0.0,0.2,0.0,0.0
2017-02-07,0.0,0.0,0.0,0.0
2017-02-08,0.0,0.0,0.0,0.0
2017-02-09,0.0,0.0,0.0,0.0
2017-02-10,0.0,0.4,0.0,0.4
2017-02-11,0.0,5.6,0.0,0.6
2017-02-12,4.6,10.5,11.6,0.0
2017-02-13,2.4,21.6,4.3,3.5
2017-02-14,3.1,17.1,1.1,0.0
2017-02-15,5.2,16.7,3.0,0.0
2017-02-16,2.1,0.6,0.5,0.0
2017-02-17,0.0,2.4,0.4,0.3
2017-02-18,2.5,52.0,26.1,15.5
2017-02-19,3.5,3.2,0.0,0.7
2017-02-20,0.0,0.0,0.0,0.0
2017-02-21,0.0,0.0,0.0,0.2
2017-02-22,0.0,1.0,0.8,0.3
2017-02-23,0.4,0.0,5.2,0.6
2017-02-24,0.9,0.0,0.4,0.4
2017-02-25,14.7,5.9,0.7,0.6
2017-02-26,41.1,49.0,25.2,15.9
2017-02-27,5.0,40.1,5.2,5.1
2017-02-28,7.9,13.1,3.2,2.0
2017-03-01,8.0,19.2,6.2,0.3
2017-03-02,19.3,15.5,3.6,1.2
2017-03-03,2.2,0.7,0.0,0.0
2017-03-04,0.0,3.0,0.0,0.0
2017-03-05,0.0,0.0,0.0,0.0
2017-03-06,0.0,0.0,0.0,0.0
2017-03-07,0.0,0.0,0.0,0.0
2017-03-08,0.0,0.0,0.0,0.0
2017-03-09,0.0,0.0,0.0,0.0
2017-03-10,0.0,0.0,0.0,0.0
2017-03-11,0.0,0.0,1.0,0.0
2017-03-12,0.0,0.0,0.0,0.0
2017-03-13,0.0,0.0,0.0,0.0
2017-03-14,0.0,0.0,0.0,0.0
2017-03-15,0.0,19.5,0.0,0.0
2017-03-16,0.0,0.0,0.0,0.0
2017-03-17,0.0,0.0,0.0,0.0
2017-03-18,0.0,0.0,0.0,0.0
2017-03-19,0.0,0.0,0.0,0.0
2017-03-20,0.0,0.0,1.0,2.0
2017-03-21,18.0,22.5,4.9,1.5
2017-03-22,0.0,6.0,0.1,0.0
2017-03-23,0.0,0.0,0.0,0.0
2017-03-24,0.0,0.0,0.0,0.0
2017-03-25,0.0,0.0,0.0,0.0
2017-03-26,0.3,27.5,0.0,0.0
2017-03-27,1.7,36.2,5.3,18.5
2017-03-28,112.6,8.3,61.6,93.7
2017-03-29,1.0,28.4,13.8,21.0
2017-03-30,0.0,1.5,9.3,16.3
2017-03-31,6.5,2.5,0.8,12.2
2017-04-01,0.0,14.2,7.4,8.3
2017-04-02,0.5,3.7,14.3,2.4
2017-04-03,1.5,29.1,6.0,34.2
2017-04-04,0.5,0.4,0.5,15.5
2017-04-05,0.5,0.0,0.5,0.0
2017-04-06,4.0,0.0,0.4,29.3
2017-04-07,0.5,8.5,15.6,6.7
2017-04-08,0.5,0.0,1.5,16.0
2017-04-09,0.0,3.0,0.5,0.0
2017-04-10,0.0,4.5,3.5,0.0
2017-04-11,0.0,4.0,0.5,1.5
2017-04-12,0.0,0.5,0.0,0.0
2017-04-13,0.0,0.0,0.0,0.0
2017-04-14,2.0,0.0,0.5,0.0
2017-04-15,0.0,0.0,0.0,0.0
2017-04-16,0.0,0.0,0.0,0.0
2017-04-17,0.0,0.0,0.0,0.0
2017-04-18,0.5,22.0,2.0,0.0
2017-04-19,0.0,0.0,0.0,0.0
2017-04-20,0.0,0.0,0.0,0.0
2017-04-21,6.0,0.0,0.0,0.0
2017-04-22,2.5,0.0,0.0,0.0
2017-04-23,0.0,0.0,0.0,0.0
2017-04-24,0.0,0.0,0.0,0.0
2017-04-25,0.0,0.5,0.0,0.0
2017-04-26,0.0,0.0,0.0,0.0
2017-04-27,0.0,0.0,0.0,0.0
2017-04-28,0.0,0.0,0.0,0.0
2017-04-29,0.0,0.0,0.0,0.0
2017-04-30,1.0,0.0,0.8,0.0
2017-05-01,4.5,0.0,0.2,0.0
2017-05-02,0.0,0.0,0.0,0.0
2017-05-03,0.0,0.0,0.0,0.0
2017-05-04,0.0,0.0,0.0,0.0
2017-05-05,0.0,1.5,0.0,0.0
2017-05-06,0.0,14.5,0.5,0.5
2017-05-07,0.4,10.2,3.0,31.6
2017-05-08,0.6,14.8,0.0,2.4
2017-05-09,0.0,15.5,1.1,3.8
2017-05-10,48.5,95.3,1.4,7.6
2017-05-11,1.3,1.2,0.5,0.0
2017-05-12,0.2,3.2,0.0,0.0
2017-05-13,0.0,25.8,0.0,0.0
2017-05-14,10.5,0.0,0.0,0.0
2017-05-15,0.5,8.3,0.0,0.0
2017-05-16,0.0,0.7,0.0,0.0
2017-05-17,0.0,0.0,0.5,6.7
2017-05-18,0.0,0.0,13.5,49.2
2017-05-19,0.0,28.5,0.0,14.6
2017-05-20,0.0,0.0,0.0,0.0
2017-05-21,0.0,10.3,0.0,6.3
2017-05-22,28.5,0.6,0.0,0.2
2017-05-23,1.9,4.5,14.0,0.0
2017-05-24,2.0,0.5,0.0,0.0
2017-05-25,3.1,10.0,0.0,0.0
2017-05-26,25.6,25.5,46.0,0.0
2017-05-27,0.0,0.9,17.0,10.0
2017-05-28,0.0,0.6,0.5,0.0
2017-05-29,41.4,16.9,0.8,0.0
2017-05-30,1.6,0.2,0.6,0.0
2017-05-31,0.0,0.0,0.1,4.5
2017-06-01,0.4,0.5,0.0,0.0
2017-06-02,5.5,0.0,1.0,0.5
2017-06-03,1.1,25.6,0.5,28.4
2017-06-04,28.6,8.9,6.5,5.6
2017-06-05,17.0,9.5,11.5,1.0
2017-06-06,0.0,4.5,27.5,1.0
2017-06-07,0.0,0.5,0.0,0.0
2017-06-08,0.0,2.0,0.0,0.0
2017-06-09,0.3,0.4,0.0,0.0
2017-06-10,10.7,6.1,2.0,0.0
2017-06-11,0.0,0.0,0.0,0.0
2017-06-12,0.0,0.0,0.0,0.0
2017-06-13,0.0,0.0,0.0,0.0
2017-06-14,0.0,0.0,0.0,0.0
2017-06-15,0.0,23.5,0.0,0.0
2017-06-16,0.0,8.0,0.0,0.0
2017-06-17,2.5,18.0,0.0,0.0
2017-06-18,0.0,11.0,0.0,0.5
2017-06-19,4.0,7.6,0.4,0.0
2017-06-20,36.4,7.9,0.1,0.0
2017-06-21,12.6,11.8,2.0,43.5
2017-06-22,0.4,0.7,0.0,0.0
2017-06-23,5.6,0.0,0.0,0.0
2017-06-24,0.0,1.8,0.5,5.0
2017-06-25,0.0,1.6,0.0,0.5
2017-06-26,1.4,20.0,21.5,4.0
2017-06-27,0.6,1.0,0.0,0.0
2017-06-28,0.4,18.0,0.0,0.5
2017-06-29,3.6,0.4,0.0,0.0
2017-06-30,6.0,9.1,0.0,0.0
2017-07-01,3.5,1.0,0.0,4.5
2017-07-02,0.5,1.0,4.0,7.0
2017-07-03,1.0,0.0,0.0,1.5
2017-07-04,0.5,13.8,8.5,5.9
2017-07-05,6.0,10.2,0.0,2.1
2017-07-06,0.5,9.0,0.0,0.0
2017-07-07,0.0,14.7,0.5,0.5
2017-07-08,0.0,39.3,0.0,7.5
2017-07-09,48.0,2.0,0.0,0.0
2017-07-10,5.0,0.0,0.0,0.0
2017-07-11,38.5,6.0,0.0,0.0
2017-07-12,0.5,9.8,1.2,0.0
2017-07-13,6.0,26.2,2.9,3.5
2017-07-14,0.5,2.0,0.8,0.0
2017-07-15,0.0,0.0,2.1,0.0
2017-07-16,0.0,0.0,0.0,0.0
2017-07-17,0.0,0.0,0.0,0.0
2017-07-18,0.0,0.0,0.0,0.0
2017-07-19,0.4,40.5,0.0,0.0
2017-07-20,0.6,0.0,0.0,32.0
2017-07-21,0.4,0.0,0.0,0.0
2017-07-22,34.6,0.0,22.0,0.0
2017-07-23,0.0,0.0,0.0,0.4
2017-07-24,0.0,0.0,0.0,2.1
2017-07-25,0.0,0.0,0.8,27.5
2017-07-26,0.0,0.0,0.2,0.0
2017-07-27,0.5,0.0,0.0,0.0
2017-07-28,10.5,15.5,37.0,0.0
2017-07-29,0.0,0.5,0.5,91.8
2017-07-30,0.0,0.0,0.0,0.7
2017-07-31,0.0,0.0,2.0,1.4
2017-08-01,0.5,4.0,4.0,10.0
2017-08-02,0.0,1.5,0.0,0.1
2017-08-03,0.0,0.0,0.0,10.3
2017-08-04,0.0,0.0,0.0,5.2
2017-08-05,0.4,0.0,0.0,0.0
2017-08-06,6.1,20.0,0.0,32.0
2017-08-07,0.0,41.5,0.0,0.0
2017-08-08,0.0,29.0,0.0,0.0
2017-08-09,0.0,6.5,8.5,37.0
2017-08-10,0.0,6.5,0.0,0.0
2017-08-11,1.5,38.5,12.0,22.3
2017-08-12,1.0,0.0,0.0,6.8
2017-08-13,23.0,2.5,0.0,0.4
2017-08-14,0.0,35.5,4.6,12.5
2017-08-15,0.0,23.5,25.8,52.7
2017-08-16,0.5,0.0,17.6,36.8
2017-08-17,37.8,18.5,0.0,0.0
2017-08-18,29.7,0.0,0.0,0.0
2017-08-19,0.0,0.0,0.0,0.0
2017-08-20,0.0,0.5,0.0,0.0
2017-08-21,0.4,6.0,0.0,22.0
2017-08-22,27.1,14.2,6.5,5.5
2017-08-23,1.0,0.3,30.5,1.5
2017-08-24,0.4,0.5,1.0,2.8
2017-08-25,8.5,31.5,9.5,12.7
2017-08-26,2.1,40.0,21.2,1.1
2017-08-27,0.0,0.6,0.3,1.4
2017-08-28,4.2,30.4,5.0,3.7
2017-08-29,1.3,0.0,0.0,0.3
2017-08-30,0.0,0.0,0.0,0.0
2017-08-31,0.0,23.0,0.0,1.5
2017-09-01,0.0,0.5,38.0,2.5
2017-09-02,0.0,10.5,0.0,0.0
2017-09-03,0.0,1.0,0.0,0.0
2017-09-04,0.4,14.5,0.0,0.0
2017-09-05,2.6,6.0,0.0,7.5
2017-09-06,0.0,0.0,0.0,0.0
2017-09-07,0.4,0.0,0.0,0.0
2017-09-08,0.1,0.0,0.0,0.0
2017-09-09,4.3,0.0,7.0,1.9
2017-09-10,0.2,29.5,3.5,3.1
2018-01-02,19.5,64.1,3.0,6.8
2018-01-03,122.4,32.3,2.2,0.5
2018-01-04,25.8,18.5,1.2,0.5
2018-01-05,0.0,0.6,2.1,0.0
2018-01-06,0.0,5.5,32.9,15.1
2018-01-07,3.8,0.0,6.7,28.9
2018-01-08,8.2,57.8,8.4,7.4
2018-01-09,0.3,6.7,0.5,0.9
2018-01-10,2.6,4.8,10.4,0.7
2018-01-11,37.3,9.5,1.6,0.5
2018-01-12,83.8,13.0,1.6,12.4
2018-01-13,32.4,18.8,17.7,22.6
2018-01-14,7.4,5.4,2.0,2.0
2018-01-15,1.1,4.0,7.2,5.0
2018-01-16,0.5,0.5,1.5,2.0
2018-01-17,0.4,0.0,0.0,0.0
2018-01-18,0.6,0.0,0.4,0.4
2018-01-19,11.1,23.5,10.6,9.1
2018-01-20,67.8,76.6,87.0,136.8
2018-01-21,40.2,46.4,15.5,50.2
2018-01-22,0.0,3.9,0.9,1.1
2018-01-23,2.5,25.6,2.6,0.0
2018-01-24,1.2,22.0,1.5,0.5
2018-01-25,0.3,3.0,0.0,0.0
2018-01-26,22.3,32.1,10.1,30.2
2018-01-27,12.7,8.4,4.4,7.8
2018-01-28,0.0,0.0,0.0,0.0
2018-01-29,0.0,0.0,0.0,0.0
2018-01-30,0.0,0.0,0.0,0.0
2018-01-31,0.0,1.5,0.0,0.0
2018-02-01,0.4,16.5,1.4,0.4
2018-02-02,4.6,8.9,0.1,0.6
2018-02-03,0.0,1.4,2.3,0.0
2018-02-04,0.5,5.1,1.2,0.0
2018-02-05,0.0,0.5,0.0,0.0
2018-02-06,0.0,0.0,0.0,0.0
2018-02-07,0.0,0.0,0.0,0.0
2018-02-08,0.0,0.0,0.0,0.0
2018-02-09,0.0,0.0,0.0,0.0
2018-02-10,0.0,0.0,0.0,0.0
2018-02-11,0.0,0.0,0.0,0.0
2018-02-12,0.0,0.4,0.0,0.0
2018-02-13,2.1,11.1,1.5,2.5
2018-02-14,5.4,1.5,0.0,0.0
2018-02-15,0.0,0.0,0.0,0.0
2018-02-16,0.0,0.0,0.0,0.0
2018-02-17,0.0,0.0,0.0,0.0
2018-02-18,0.0,0.0,0.0,0.0
2018-02-19,0.0,6.0,0.0,0.0
2018-02-20,0.0,0.0,0.0,0.0
2018-02-21,0.0,0.0,0.0,0.0
2018-02-22,0.0,0.0,0.4,0.4
2018-02-23,0.0,86.0,31.1,81.1
2018-02-24,0.0,30.0,0.0,0.0
2018-02-25,0.0,0.0,0.0,0.0
2018-02-26,0.0,0.0,0.4,0.4
2018-02-27,0.0,0.0,4.1,5.6
2018-02-28,0.0,0.0,0.0,0.0
2018-03-01,0.0,0.0,0.0,0.0
2018-03-02,0.0,0.4,0.0,0.0
2018-03-03,0.0,2.6,0.0,0.0
2018-03-04,0.0,0.0,0.0,0.0
2018-03-05,0.0,0.0,0.0,0.0
2018-03-06,0.4,0.4,0.5,0.5
2018-03-07,34.8,10.4,24.0,9.0
2018-03-08,11.3,19.6,0.0,0.0
2018-03-09,9.0,4.0,3.5,5.5
2018-03-10,0.0,4.0,6.5,0.0
2018-03-11,0.0,0.4,0.4,0.0
2018-03-12,0.0,1.1,0.1,0.0
2018-03-13,0.0,5.1,0.0,0.0
2018-03-14,0.0,0.0,0.0,0.0
2018-03-15,0.0,0.0,0.0,0.0
2018-03-16,0.0,5.5,0.0,0.0
2018-03-17,0.0,0.5,0.0,0.0
2018-03-18,0.0,0.0,0.0,0.0
2018-03-19,0.0,0.0,0.0,0.0
2018-03-20,0.0,0.0,0.0,0.0
2018-03-21,0.0,0.0,0.0,0.0
2018-03-22,0.0,0.0,0.3,0.3
2018-03-23,0.4,1.2,37.1,31.6
2018-03-24,0.1,4.1,4.5,7.5
2018-03-25,0.4,17.6,0.0,0.0
2018-03-26,17.6,0.2,0.0,0.0
2018-03-27,1.0,0.0,0.0,0.0
2018-03-28,0.0,0.0,0.0,0.0
2018-03-29,0.0,0.0,0.0,0.0
2018-03-30,0.0,0.0,0.0,0.0
2018-03-31,0.4,0.0,0.0,0.0
2018-04-01,3.1,0.0,0.3,0.0
2018-04-02,0.0,0.0,0.7,0.0
2018-04-03,0.0,0.0,0.0,0.0
2018-04-04,0.0,0.0,0.0,0.0
2018-04-05,0.0,0.0,0.0,0.0
2018-04-06,0.0,0.0,0.0,0.0
2018-04-07,0.0,4.4,0.4,0.4
2018-04-08,0.4,5.6,60.1,8.1
2018-04-09,7.1,1.4,1.5,13.5
2018-04-10,0.0,29.1,46.4,53.5
2018-04-11,0.0,0.5,67.1,0.5
2018-04-12,0.0,0.0,0.0,0.0
2018-04-13,0.4,0.0,0.3,0.4
2018-04-14,8.6,0.0,0.7,28.1
2018-04-15,0.0,0.0,0.0,0.0
2018-04-16,1.1,0.0,0.0,0.0
2018-04-17,0.3,0.0,0.3,0.0
2018-04-18,1.6,2.0,2.2,0.0
2018-04-19,0.5,0.0,0.0,0.0
2018-04-20,4.0,0.0,0.5,0.4
2018-04-21,0.0,0.0,5.0,6.6
2018-04-22,0.0,0.0,0.0,0.0
2018-04-23,0.0,0.0,0.0,0.0
2018-04-24,0.0,0.5,0.0,0.0
2018-04-25,0.0,22.0,0.0,36.0
2018-04-26,9.0,35.7,29.7,0.5
2018-04-27,0.5,2.8,7.3,2.0
2018-04-28,0.0,0.0,0.0,0.0
2018-04-29,0.5,8.9,0.5,22.7
2018-04-30,32.5,1.6,2.5,1.3
2018-05-01,18.5,36.5,6.0,13.0
2018-05-02,0.5,0.0,0.4,0.0
2018-05-03,0.0,0.0,3.6,0.0
2018-05-04,0.0,0.0,0.0,0.0
2018-05-05,0.0,51.5,0.5,0.0
2018-05-06,0.5,0.0,0.0,0.0
2018-05-07,0.0,37.0,0.5,38.5
2018-05-08,0.0,0.5,0.0,0.0
2018-05-09,0.0,0.0,0.0,0.0
2018-05-10,0.0,0.0,0.0,0.0
2018-05-11,0.0,0.0,0.0,0.0
2018-05-12,0.0,0.0,0.0,0.0
2018-05-13,0.0,0.0,0.0,0.0
2018-05-14,0.0,0.0,0.0,0.0
2018-05-15,0.4,3.5,0.0,0.0
2018-05-16,3.1,2.0,0.0,0.0
2018-05-17,0.5,0.0,2.5,0.0
2018-05-18,0.0,0.0,0.0,0.0
2018-05-19,0.0,0.5,0.0,0.0
2018-05-20,0.0,0.0,0.0,0.0
2018-05-21,0.0,0.0,0.0,0.0
2018-05-22,0.0,6.5,0.0,0.0
2018-05-23,1.5,0.5,0.0,1.0
2018-05-24,40.0,0.0,0.0,0.0
2018-05-25,0.0,0.0,0.0,0.0
2018-05-26,9.5,0.0,2.0,0.4
2018-05-27,15.5,2.0,2.5,3.6
2018-05-28,0.0,0.0,0.0,0.0
2018-05-29,41.1,0.0,0.0,0.0
2018-05-30,1.4,0.0,0.3,0.0
2018-05-31,0.5,0.0,0.2,0.0
2018-06-01,11.0,90.6,23.6,15.4
2018-06-02,2.0,0.9,0.4,1.1
2018-06-03,4.5,0.0,0.0,0.0
2018-06-04,0.0,0.0,0.0,0.0
2018-06-05,16.0,0.0,0.5,0.0
2018-06-06,0.5,0.0,0.0,0.0
2018-06-07,1.5,2.9,3.3,0.5
2018-06-08,0.0,7.1,15.2,1.5
2018-06-09,0.0,0.0,1.0,0.0
2018-06-10,0.5,0.0,0.0,1.5
2018-06-11,0.0,1.0,0.0,0.5
2018-06-12,0.5,0.5,0.0,0.0
2018-06-13,0.0,0.0,0.0,0.0
2018-06-14,0.5,0.0,0.0,0.0
2018-06-15,3.0,0.0,0.0,0.0
2018-06-16,0.0,0.0,47.8,15.3
2018-06-17,0.0,0.5,3.1,44.0
2018-06-18,0.0,4.0,6.5,4.2
2018-06-19,0.0,0.5,0.0,0.0
2018-06-20,0.0,0.0,0.0,36.5
2018-06-21,0.0,4.0,0.0,0.0
2018-06-22,0.4,0.0,0.0,0.0
2018-06-23,12.6,8.5,0.0,1.5
2018-06-24,0.0,0.0,0.5,1.0
2018-06-25,0.4,72.2,14.9,53.1
2018-06-26,3.6,0.8,1.2,0.4
2018-06-27,0.0,1.5,0.0,0.0
2018-06-28,0.0,1.0,0.0,0.0
2018-06-29,0.5,19.5,5.0,1.5
2018-06-30,0.0,0.0,0.0,0.0
2018-07-01,34.3,13.2,0.0,3.5
2018-07-02,2.0,0.8,0.0,0.0
2018-07-03,1.7,0.0,0.0,0.0
2018-07-04,0.0,0.5,0.0,0.0
2018-07-05,0.0,0.0,0.0,0.4
2018-07-06,0.0,0.0,0.0,0.1
2018-07-07,0.0,0.0,5.0,1.5
2018-07-08,0.0,0.4,6.4,0.5
2018-07-09,0.0,4.1,13.3,18.5
2018-07-10,0.5,0.0,11.8,0.0
2018-07-11,0.0,0.0,0.0,0.0
2018-07-12,0.0,0.0,0.0,0.0
2018-07-13,0.0,0.0,0.0,0.0
2018-07-14,0.0,0.0,0.0,0.0
2018-07-15,0.0,0.0,0.0,0.0
2018-07-16,0.0,0.5,0.0,0.0
2018-07-17,0.0,21.0,0.0,28.0
2018-07-18,0.0,21.1,5.6,0.0
2018-07-19,0.0,2.9,0.9,0.0
2018-07-20,40.9,28.4,0.5,11.0
2018-07-21,8.1,0.1,0.0,0.0
2018-07-22,0.0,0.0,0.0,0.0
2018-07-23,5.5,2.0,0.0,22.5
2018-07-24,0.5,24.7,62.8,0.5
2018-07-25,7.5,5.0,2.7,0.0
2018-07-26,0.0,1.8,0.5,0.0
2018-07-27,0.4,6.0,0.0,0.0
2018-07-28,11.6,3.2,36.1,15.0
2018-07-29,0.0,2.7,1.4,8.0
2018-07-30,42.0,1.9,0.4,0.8
2018-07-31,33.6,16.7,21.6,14.9
2018-08-01,3.9,11.5,4.0,0.3
2018-08-02,0.0,0.0,0.0,0.0
2018-08-03,0.0,0.5,0.0,0.0
2018-08-04,26.5,0.0,0.0,0.0
2018-08-05,0.0,0.0,0.0,0.0
2018-08-06,0.0,24.0,0.0,13.5
2018-08-07,12.9,3.1,9.0,0.5
2018-08-08,58.1,0.8,0.0,0.0
2018-08-09,0.0,10.6,0.4,10.5
2018-08-10,0.0,1.2,0.1,0.0
2018-08-11,0.0,0.3,0.0,0.0
2018-08-12,0.0,0.0,0.0,0.0
2018-08-13,0.0,0.0,0.0,0.0
2018-08-14,0.0,0.0,0.0,0.0
2018-08-15,0.0,0.0,0.0,0.0
2018-08-16,0.0,0.0,0.0,0.0
2018-08-17,0.0,27.6,0.0,0.0
2018-08-18,0.0,3.4,0.0,5.0
2018-08-19,1.0,0.0,5.0,44.5
2018-08-20,1.0,0.0,0.0,0.0
2018-08-21,1.5,5.9,0.5,20.3
2018-08-22,0.0,1.6,28.0,44.2
2018-08-23,0.0,0.0,0.0,0.0
2018-08-24,0.0,0.0,0.0,0.0
2018-08-25,0.0,24.7,0.5,0.0
2018-08-26,13.5,0.8,3.5,0.0
2018-08-27,1.0,0.9,24.0,0.0
2018-08-28,0.4,13.1,32.5,29.6
2018-08-29,35.1,0.5,0.5,1.4
2018-08-30,0.4,0.0,0.0,0.0
2018-08-31,29.6,0.0,0.0,12.0
2018-09-01,1.5,13.0,0.4,12.5
2018-09-02,0.0,0.4,0.1,7.5
2018-09-03,0.0,17.7,18.0,9.0
2018-09-04,0.0,4.9,22.5,8.0
2018-09-05,0.0,0.0,0.4,0.4
2018-09-06,1.5,5.6,17.1,20.6
2018-09-07,13.0,36.4,24.0,19.0
2018-09-08,3.0,0.5,9.0,3.0
2018-09-09,0.0,4.0,11.0,45.2
2018-09-10,63.0,21.0,0.5,0.7
2018-09-11,10.3,0.0,2.5,10.6
2018-09-12,0.7,9.5,0.0,0.0
2018-09-13,0.0,0.0,10.5,1.0
2018-09-14,39.1,3.5,22.0,10.5
2018-09-15,7.8,5.8,19.0,0.0
2018-09-16,25.1,8.2,19.0,0.0
2018-09-17,0.0,0.5,2.6,5.6
2018-09-18,0.0,21.0,2.4,31.6
2018-09-19,3.0,14.0,0.4,0.3
2018-09-20,0.0,0.5,0.1,1.1
2018-09-21,5.0,1.0,4.5,9.0
2018-09-22,0.0,4.5,9.5,0.0
2018-09-23,0.0,0.0,0.5,2.0
2018-09-24,0.0,0.0,0.0,0.0
2018-09-25,0.0,5.0,0.0,0.0
2018-09-26,3.0,71.0,0.0,0.0
2018-09-27,0.0,0.0,0.0,0.0
2018-09-28,0.0,76.5,0.0,0.0
2018-09-29,0.0,0.0,0.0,0.0
2018-09-30,0.0,0.0,0.0,0.0
2018-10-01,0.0,0.0,0.0,0.0
2018-10-02,0.0,51.0,0.0,11.6
2018-10-03,0.5,2.0,0.0,2.9
2018-10-04,36.5,6.0,15.5,1.0
2018-10-05,0.4,3.0,0.4,35.5
2018-10-06,12.6,9.8,0.6,1.9
2018-10-07,4.6,32.7,3.5,41.1
2018-10-08,5.0,16.8,2.9,0.5
2018-10-09,7.9,2.2,12.6,23.5
2018-10-10,6.4,1.4,3.3,0.0
2018-10-11,16.5,12.0,12.2,14.8
2018-10-12,71.1,4.9,50.5,19.2
2018-10-13,17.8,0.9,1.0,0.4
2018-10-14,35.7,22.2,10.5,17.6
2018-10-15,0.5,1.1,0.5,0.0
2018-10-16,2.4,3.7,0.4,72.5
2018-10-17,7.0,0.8,5.0,31.2
2018-10-18,4.6,18.5,28.2,10.6
2018-10-19,2.0,8.5,12.9,1.7
2018-10-20,1.0,0.4,0.4,0.0
2018-10-21,63.1,63.1,11.1,10.0
2018-10-22,1.6,0.5,7.2,0.5
2018-10-23,16.3,0.4,45.4,5.0
2018-10-24,1.0,3.6,1.5,3.0
2018-10-25,0.0,9.0,0.0,0.0
2018-10-26,2.0,0.0,0.3,0.0
2018-10-27,24.9,13.5,3.7,34.0
2018-10-28,1.0,4.5,5.2,6.6
2018-10-29,0.8,24.7,23.7,28.5
2018-10-30,26.7,13.5,42.4,33.7
2018-10-31,0.5,4.6,1.1,0.5
2018-11-01,1.5,18.6,69.0,52.0
2018-11-02,173.4,70.3,19.9,141.3
2018-11-03,49.5,72.2,60.3,85.7
2018-11-04,12.0,50.4,18.6,45.5
2018-11-05,41.1,51.4,152.3,111.0
2018-11-06,21.6,52.2,76.7,78.9
2018-11-07,6.5,1.5,23.9,33.5
2018-11-08,0.5,12.3,0.3,3.4
2018-11-09,40.5,3.2,5.0,1.9
2018-11-10,1.0,0.8,0.8,0.4
2018-11-11,2.0,29.6,13.8,11.6
2018-11-12,0.5,19.2,2.7,0.0
2018-11-13,0.5,0.5,11.0,1.8
2018-11-14,4.0,9.8,33.8,17.3
2018-11-15,2.3,3.7,26.4,2.4
2018-11-16,0.7,5.5,0.5,0.5
2018-11-17,0.0,10.0,0.0,1.5
2018-11-18,0.0,0.0,0.0,0.5
2018-11-19,26.8,36.7,2.2,0.5
2018-11-20,4.7,0.8,7.7,1.0
2018-11-21,9.3,22.1,25.6,0.0
2018-11-22,0.2,13.9,17.5,0.0
2018-11-23,0.0,0.0,0.0,0.0
2018-11-24,0.0,0.0,0.0,0.0
2018-11-25,13.0,0.0,0.0,0.0
2018-11-26,2.5,0.0,0.0,0.0
2018-11-27,11.3,0.0,0.4,0.0
2018-11-28,2.0,6.5,18.6,8.8
2018-11-29,12.2,31.0,30.8,25.7
2018-11-30,132.2,27.2,26.2,7.9
2018-12-01,19.0,80.7,56.8,101.5
2018-12-02,20.6,28.0,17.3,5.5
2018-12-03,11.1,22.9,86.4,82.8
2018-12-04,13.0,51.5,118.4,38.3
2018-12-05,31.5,42.5,33.6,74.8
2018-12-06,30.1,43.7,51.9,109.3
2018-12-07,0.5,2.0,4.7,11.6
2018-12-08,1.0,4.5,2.6,0.0
2018-12-09,0.5,24.7,0.9,0.4
2018-12-10,12.5,28.3,28.3,15.8
2018-12-11,0.4,12.5,38.8,79.2
2018-12-12,97.5,89.7,78.2,124.0
2018-12-13,93.3,147.3,6.8,10.4
2018-12-14,5.8,32.4,19.3,24.5
2018-12-15,16.3,124.0,100.0,149.7
2018-12-16,3.5,6.1,40.6,49.7
2018-12-17,8.7,62.9,154.1,107.4
2018-12-18,0.0,1.7,16.5,4.4
2018-12-19,0.0,2.0,85.9,16.1
2018-12-20,0.0,0.5,1.5,0.5
2018-12-21,0.0,0.0,7.1,0.0
2018-12-22,0.0,0.0,0.0,0.0
2018-12-23,0.0,0.0,0.0,0.0
2018-12-24,0.0,21.8,0.0,0.0
2018-12-25,13.5,0.7,0.0,0.0
2018-12-26,2.0,1.0,13.0,0.0
2018-12-27,0.0,0.4,0.0,6.7
2018-12-28,5.0,4.6,0.3,6.3
2018-12-29,0.0,1.5,0.7,0.0
2018-12-30,0.0,2.5,0.5,0.4
2018-12-31,9.0,1.0,12.0,7.1
2019-01-01,0.0,0.0,0.0,5.0
2019-01-02,2.0,22.6,30.5,21.9
2019-01-03,0.0,0.9,43.0,61.4
2019-01-04,0.4,0.0,14.0,2.2
2019-01-05,45.0,14.7,2.6,0.5
2019-01-06,1.5,35.7,14.8,73.5
2019-01-07,5.6,4.0,3.1,0.2
2019-01-08,0.4,24.0,0.4,0.3
2019-01-09,1.0,34.5,1.5,2.6
2019-01-10,3.5,10.9,8.0,4.1
2019-01-11,0.5,6.1,11.0,23.3
2019-01-12,0.0,25.1,26.4,47.4
2019-01-13,1.0,48.5,95.5,71.7
2019-01-14,3.0,0.0,1.6,0.0
2019-01-15,0.0,0.3,0.4,0.3
2019-01-16,16.0,40.5,48.4,13.5
2019-01-17,2.5,35.4,12.2,24.2
2019-01-18,0.0,1.5,0.9,1.5
2019-01-19,1.0,5.8,11.1,4.0
2019-01-20,0.0,0.4,0.0,0.0
2019-01-21,0.0,0.1,0.0,0.0
2019-01-22,0.0,0.0,0.0,0.0
2019-01-23,0.5,0.0,2.0,0.0
2019-01-24,2.0,0.0,0.0,0.0
2019-01-25,0.0,0.0,0.0,0.0
2019-01-26,0.0,0.0,0.0,0.0
2019-01-27,10.2,0.4,0.0,0.0
2019-01-28,2.6,3.6,1.0,0.0
2019-01-29,3.7,25.0,0.5,5.5
2019-01-30,0.4,0.5,3.0,0.0
2019-01-31,0.6,0.0,1.0,5.1
2019-02-01,0.5,11.4,9.0,3.4
2019-02-02,0.0,43.9,1.5,3.3
2019-02-03,0.0,6.1,0.0,3.7
2019-02-04,0.0,0.0,0.0,0.0
2019-02-05,0.0,0.0,0.0,0.0
2019-02-06,0.0,0.0,0.0,0.0
2019-02-07,0.0,0.0,0.0,0.0
2019-02-08,0.0,0.0,0.0,0.0
2019-02-09,0.0,0.0,0.0,0.0
2019-02-10,0.0,0.0,0.0,0.0
2019-02-11,0.0,0.0,0.0,0.0
2019-02-12,3.5,10.0,1.0,0.0
2019-02-13,1.9,47.6,0.0,2.2
2019-02-14,0.6,0.9,0.0,0.8
2019-02-15,0.0,0.0,0.0,0.0
2019-02-16,0.0,0.0,0.0,0.0
2019-02-17,0.0,0.0,0.0,0.0
2019-02-18,9.6,1.0,0.0,0.0
2019-02-19,77.9,0.0,0.4,0.0
2019-02-20,0.5,0.0,2.6,0.0
2019-02-21,0.0,0.0,0.0,0.0
2019-02-22,0.0,0.0,0.0,0.0
2019-02-23,0.0,0.0,0.0,0.0
2019-02-24,0.0,0.0,0.0,0.0
2019-02-25,0.0,0.0,0.0,0.0
2019-02-26,0.0,18.0,21.3,0.0
2019-02-27,0.0,3.5,1.7,0.0
2019-02-28,0.0,0.0,0.0,0.0
2019-03-01,0.0,0.0,0.0,0.0
2019-03-02,0.0,0.0,0.0,0.0
2019-03-03,0.0,0.0,0.0,0.0
2019-03-04,0.0,0.0,0.0,0.0
2019-03-05,0.0,0.0,0.0,0.0
2019-03-06,0.0,0.0,0.0,0.0
2019-03-07,0.0,0.0,0.0,0.0
2019-03-08,0.0,0.0,0.0,0.0
2019-03-09,0.0,0.0,0.0,0.0
2019-03-10,0.0,0.0,0.0,0.0
2019-03-11,0.0,0.0,0.0,0.0
2019-03-12,0.0,0.0,0.0,0.0
2019-03-13,0.0,0.0,0.0,0.0
2019-03-14,0.0,0.0,0.0,0.0
2019-03-15,0.0,0.0,0.0,0.0
2019-03-16,0.0,0.0,0.0,0.0
2019-03-17,0.0,0.0,0.0,0.0
2019-03-18,0.0,0.0,0.0,0.0
2019-03-19,0.0,0.0,0.0,0.0
2019-03-20,0.0,0.0,0.0,0.0
2019-03-21,0.0,0.0,0.0,0.0
2019-03-22,0.0,0.0,0.0,0.0
2019-03-23,0.0,0.0,0.0,0.0
2019-03-24,0.0,0.0,0.0,0.0
2019-03-25,0.0,1.8,24.5,10.8
2019-03-26,12.0,1.7,35.5,1.5
2019-03-27,0.0,0.0,9.0,3.1
2019-03-28,0.8,0.4,1.0,4.0
2019-03-29,6.3,9.1,0.5,0.0
2019-03-30,0.9,66.5,46.5,9.0
2019-03-31,0.0,13.5,2.8,0.0
2019-04-01,0.2,11.0,0.2,0.0
2019-04-02,0.3,0.0,0.5,0.0
2019-04-03,3.6,0.0,4.5,0.0
2019-04-04,0.0,0.0,0.0,0.0
2019-04-05,0.0,0.0,0.0,0.0
2019-04-06,0.0,0.0,0.0,0.0
2019-04-07,0.0,8.0,0.0,0.0
2019-04-08,0.0,0.0,0.0,0.0
2019-04-09,0.0,0.0,0.0,0.0
2019-04-10,0.0,0.0,0.0,0.0
2019-04-11,0.0,61.0,3.0,7.0
2019-04-12,18.9,4.5,1.0,0.0
2019-04-13,0.6,3.5,7.5,0.0
2019-04-14,3.4,2.5,0.5,0.0
2019-04-15,1.1,0.0,0.0,0.0
2019-04-16,0.0,0.0,0.0,0.0
2019-04-17,0.0,0.0,0.0,0.0
2019-04-18,0.0,0.0,0.0,0.0
2019-04-19,0.0,0.0,0.0,0.0
2019-04-20,0.0,0.0,0.0,0.0
2019-04-21,0.0,0.0,0.0,0.0
2019-04-22,0.0,0.0,0.0,0.0
2019-04-23,0.0,3.0,7.5,0.0
2019-04-24,0.0,0.0,0.4,0.0
2019-04-25,0.0,1.5,8.1,0.0
2019-04-26,0.0,0.0,0.0,0.0
2019-04-27,0.0,21.2,0.0,1.8
2019-04-28,0.0,0.8,0.0,3.2
2019-04-29,3.0,3.5,0.0,0.0
2019-04-30,0.5,2.0,0.0,0.0
2019-05-01,8.0,0.0,0.0,0.0
2019-05-02,0.0,0.0,0.0,0.0
2019-05-03,0.0,0.0,0.0,0.0
2019-05-04,0.0,4.5,0.4,0.0
2019-05-05,28.0,0.0,48.6,0.0
2019-05-06,2.0,13.5,3.0,0.0
2019-05-07,54.1,14.7,35.2,0.0
2019-05-08,2.9,38.4,29.1,40.7
2019-05-09,0.0,3.9,5.2,1.3
2019-05-10,0.4,0.5,0.0,0.5
2019-05-11,0.5,0.4,17.4,0.0
2019-05-12,16.6,0.1,0.1,17.5
2019-05-13,43.0,5.5,0.0,0.0
2019-05-14,0.5,0.5,0.0,0.0
2019-05-15,0.5,27.7,0.4,0.0
2019-05-16,19.0,0.8,18.6,2.0
2019-05-17,0.5,12.0,0.0,0.0
2019-05-18,1.5,0.0,7.5,0.0
2019-05-19,3.5,8.5,0.4,7.0
2019-05-20,0.0,0.0,0.1,13.0
2019-05-21,0.0,15.5,0.0,0.0
2019-05-22,0.0,7.0,0.0,10.5
2019-05-23,0.0,0.0,0.0,0.0
2019-05-24,0.0,0.0,3.5,0.0
2019-05-25,0.5,0.0,0.0,0.0
2019-05-26,3.5,0.5,32.0,11.0
2019-05-27,0.0,4.5,19.0,0.0
2019-05-28,0.0,0.5,0.0,0.0
2019-05-29,0.0,9.0,0.0,0.0
2019-05-30,0.0,0.0,0.0,0.0
2019-05-31,0.0,10.5,0.0,0.0
2019-06-01,0.0,0.0,0.0,0.0
2019-06-02,0.0,0.0,0.5,0.0
2019-06-03,0.0,1.5,3.0,0.0
2019-06-04,0.0,0.0,0.0,0.0
2019-06-05,82.6,7.4,6.3,37.1
2019-06-06,4.9,20.1,27.5,16.5
2019-06-07,0.0,1.5,0.3,6.9
2019-06-08,4.5,3.0,38.9,10.3
2019-06-09,0.0,2.0,8.0,28.2
2019-06-10,0.0,0.5,0.6,0.0
2019-06-11,4.0,10.4,8.5,0.0
2019-06-12,0.0,0.1,0.0,0.5
2019-06-13,0.0,0.0,0.0,1.4
2019-06-14,0.0,1.7,0.0,11.6
2019-06-15,0.0,9.3,0.0,7.0
2019-06-16,0.0,54.0,0.6,65.9
2019-06-17,2.5,23.0,0.4,5.5
2019-06-18,0.5,20.8,54.6,8.0
2019-06-19,1.5,1.2,0.4,0.6
2019-06-20,9.5,41.0,33.0,8.5
2019-06-21,10.0,2.6,0.0,0.0
2019-06-22,12.9,16.0,40.5,45.5
2019-06-23,9.6,9.4,26.5,27.6
2019-06-24,11.5,0.0,0.0,0.3
2019-06-25,1.0,0.0,3.7,52.2
2019-06-26,0.0,0.5,1.3,4.4
2019-06-27,0.0,0.5,0.0,0.4
2019-06-28,0.0,0.0,0.0,0.0
2019-06-29,0.0,0.4,12.8,0.5
2019-06-30,0.0,13.1,1.2,1.5
2019-07-01,1.0,0.0,0.0,0.0
2019-07-02,1.0,0.4,0.0,0.0
2019-07-03,3.0,5.6,5.0,0.0
2019-07-04,0.0,0.0,0.0,0.0
2019-07-05,0.0,0.0,0.0,0.0
2019-07-06,0.5,13.5,0.0,0.0
2019-07-07,0.0,28.6,0.0,0.0
2019-07-08,0.0,2.4,0.0,0.0
2019-07-09,0.0,3.0,10.5,4.0
2019-07-10,0.0,0.5,0.0,0.0
2019-07-11,0.0,0.0,0.0,0.0
2019-07-12,0.0,3.0,8.0,0.0
2019-07-13,2.0,6.9,0.0,4.5
2019-07-14,0.5,5.4,6.5,7.5
2019-07-15,0.9,0.7,0.0,12.0
2019-07-16,27.1,3.4,15.0,0.0
2019-07-17,3.0,0.6,0.0,0.0
2019-07-18,0.0,3.5,0.0,0.4
2019-07-19,0.0,0.0,0.0,50.6
2019-07-20,0.0,0.0,0.0,5.5
2019-07-21,0.4,0.0,0.0,0.3
2019-07-22,14.6,111.5,0.0,0.2
2019-07-23,0.0,6.5,0.0,0.0
2019-07-24,0.4,0.5,12.3,0.0
2019-07-25,2.1,1.5,3.2,0.5
2019-07-26,0.0,0.0,0.0,0.0
2019-07-27,0.0,24.5,0.0,0.0
2019-07-28,0.0,1.0,0.0,0.0
2019-07-29,0.0,0.0,0.0,0.0
2019-07-30,0.0,0.0,0.0,0.5
2019-07-31,0.0,0.5,0.0,1.0
2019-08-01,0.0,0.0,0.0,0.0
2019-08-02,0.0,0.0,0.0,0.0
2019-08-03,0.0,0.0,0.0,0.0
2019-08-04,0.0,0.0,0.0,0.0
2019-08-05,0.0,0.0,0.0,0.0
2019-08-06,0.0,0.0,0.0,0.0
2019-08-07,0.0,0.0,0.0,0.0
2019-08-08,43.5,0.0,0.0,0.0
2019-08-09,1.4,0.0,0.0,0.4
2019-08-10,10.1,0.0,0.0,11.6
2019-08-11,2.5,0.0,0.0,0.7
2019-08-12,0.0,0.0,0.4,116.2
2019-08-13,0.5,11.5,1.1,0.1
2019-08-14,42.5,32.5,0.0,28.6
2019-08-15,31.5,8.5,0.0,0.4
2019-08-16,0.0,8.5,19.5,1.0
2019-08-17,0.0,38.0,0.0,59.0
2019-08-18,0.0,1.5,0.0,0.0
2019-08-19,0.0,0.5,0.0,0.4
2019-08-20,0.5,1.0,0.0,3.0
2019-08-21,12.5,0.0,0.0,7.6
2019-08-22,20.5,1.0,4.5,4.5
2019-08-23,0.5,0.4,0.0,0.4
2019-08-24,27.6,37.4,0.0,42.1
2019-08-25,13.7,8.7,4.5,0.0
2019-08-26,16.3,0.0,0.0,0.0
2019-08-27,3.5,0.0,0.0,0.0
2019-08-28,48.6,0.0,4.0,0.0
2019-08-29,6.4,0.0,16.0,10.6
2019-08-30,0.0,0.0,0.0,0.4
2019-08-31,0.0,1.0,0.0,0.0
2019-09-01,0.0,0.5,0.0,1.0
2019-09-02,0.0,0.5,0.0,0.0
2019-09-03,0.0,18.5,62.5,7.5
2019-09-04,0.0,0.0,16.5,4.0
2019-09-05,0.0,0.0,11.5,0.0
2019-09-06,0.4,0.0,0.0,0.0
2019-09-07,29.6,0.0,0.0,6.0
2019-09-08,15.6,9.5,1.0,36.0
2019-09-09,2.9,17.5,29.0,0.0
2019-09-10,0.0,3.5,2.5,0.0
2019-09-11,0.0,0.0,0.0,0.4
2019-09-12,0.0,2.0,0.0,0.1
2019-09-13,5.5,22.5,0.0,58.0
2019-09-14,8.0,27.0,22.5,2.5
2019-09-15,0.0,10.6,0.5,0.0
2019-09-16,0.0,18.7,3.0,0.0
2019-09-17,3.0,7.4,0.4,0.0
2019-09-18,0.0,1.3,0.1,0.0
2019-09-19,0.0,0.4,0.0,0.0
2019-09-20,0.4,0.1,0.0,0.5
2019-09-21,13.6,0.0,0.0,0.0
2019-09-22,0.0,0.0,0.0,0.2
2019-09-23,0.2,0.0,0.5,4.4
2019-09-24,0.3,5.0,17.2,13.4
2019-10-02,0.4,3.3,0.0,0.0
2019-10-03,0.5,24.7,0.0,0.0
2019-10-04,4.6,16.5,8.5,0.0
2019-10-05,0.0,0.0,0.5,4.6
2019-10-06,0.0,0.0,3.0,0.4
2019-10-07,10.0,3.5,4.5,2.0
2019-10-08,0.0,1.5,0.0,0.0
2019-10-09,0.0,0.0,0.0,0.4
2019-10-10,2.0,6.8,0.0,0.1
2019-10-11,0.0,0.2,0.0,0.0
2019-10-12,0.0,0.9,0.0,0.0
2019-10-13,0.0,12.6,9.0,4.7
2019-10-14,0.0,91.0,43.0,0.3
2019-10-15,0.0,8.0,0.8,0.0
2019-10-16,0.4,0.0,1.1,0.4
2019-10-17,0.5,0.9,4.9,18.6
2019-10-18,10.1,29.6,7.1,1.0
2019-10-19,0.0,9.0,9.0,5.0
2019-10-20,0.3,2.4,0.5,0.4
2019-10-21,2.0,0.5,1.4,5.6
2019-10-22,39.4,7.2,14.2,7.0
2019-10-23,8.2,0.0,0.0,0.0
2019-10-24,2.0,16.0,0.5,18.5
2019-10-25,0.1,0.0,0.0,0.5
2019-10-26,4.0,16.5,15.5,10.5
2019-10-27,2.0,2.0,2.0,0.5
2019-10-28,0.5,2.0,11.5,5.0
2019-10-29,0.4,24.5,0.0,0.0
2019-10-30,1.1,0.0,0.0,0.0
2019-10-31,31.0,0.0,5.0,0.9
2019-11-01,0.4,0.4,0.4,0.5
2019-11-02,13.1,21.2,2.1,4.5
2019-11-03,17.2,14.6,8.0,2.1
2019-11-04,0.8,0.2,7.5,0.5
2019-11-05,2.1,15.0,45.1,15.5
2019-11-06,13.4,13.8,1.9,19.1
2019-11-07,0.0,0.2,2.6,4.4
2019-11-08,0.0,10.5,25.0,8.0
2019-11-09,0.0,2.5,0.0,0.0
2019-11-10,0.0,5.8,1.5,3.5
2019-11-11,7.0,8.4,4.0,7.6
2019-11-12,0.5,7.8,3.0,1.4
2019-11-13,0.0,93.5,2.3,13.2
2019-11-14,0.5,1.0,3.2,10.5
2019-11-15,27.0,2.0,39.0,18.1
2019-11-16,4.5,5.5,2.0,3.7
2019-11-17,0.0,28.2,2.0,0.0
2019-11-18,0.0,1.2,3.2,0.5
2019-11-19,9.7,2.1,19.8,4.8
2019-11-20,5.5,32.3,21.0,14.7
2019-11-21,12.9,50.3,60.6,26.6
2019-11-22,176.6,80.9,37.2,30.8
2019-11-23,18.8,2.5,0.7,26.7
2019-11-24,0.0,1.4,7.3,2.2
2019-11-25,0.0,15.1,45.7,23.4
2019-11-26,1.0,5.3,17.7,9.5
2019-11-27,16.8,71.1,19.0,49.9
2019-11-28,3.6,57.5,16.5,22.2
2019-11-29,35.5,236.6,17.9,14.2
2019-11-30,4.6,56.0,23.4,72.9
2019-12-01,77.8,217.1,176.3,335.8
2019-12-02,11.6,66.7,112.8,27.0
2019-12-03,3.0,7.0,0.7,0.0
2019-12-04,1.0,3.4,1.1,0.4
2019-12-05,1.5,2.4,0.0,3.1
2019-12-06,15.4,5.1,1.0,1.8
2019-12-07,84.5,7.9,0.0,1.7
2019-12-08,3.6,17.6,0.0,10.0
2019-12-09,0.6,28.6,11.5,0.5
2019-12-10,0.5,4.4,1.0,2.0
2019-12-11,0.9,0.0,0.5,0.0
2019-12-12,0.6,0.5,4.5,0.0
2019-12-13,4.3,5.7,5.6,0.7
2019-12-14,25.9,36.3,1.4,1.1
2019-12-15,22.2,16.7,9.1,0.6
2019-12-16,126.9,24.7,16.4,0.1
2019-12-17,50.1,71.9,39.6,8.4
2019-12-18,40.2,169.1,8.1,10.1
2019-12-19,0.5,9.6,0.2,0.0
2019-12-20,4.5,7.0,0.5,0.0
2019-12-21,2.0,0.9,0.0,0.0
2019-12-22,0.0,0.0,0.0,0.0
2019-12-23,0.0,0.0,0.0,0.0
2019-12-24,0.0,0.0,0.0,0.4
2019-12-25,0.0,0.0,0.0,0.1
2019-12-26,0.0,0.0,0.0,0.0
2019-12-27,0.3,0.0,0.0,0.0
2019-12-28,0.6,3.0,0.0,0.0
2019-12-29,2.0,0.0,0.0,0.0
2019-12-30,0.3,1.8,0.6,0.0
2019-12-31,1.3,1.7,2.9,0.0
2020-01-01,8.3,2.6,7.0,0.0
2020-01-02,0.9,4.4,0.5,0.4
2020-01-03,1.9,9.2,0.5,2.6
2020-01-04,3.4,5.4,0.0,0.0
2020-01-05,2.3,1.0,0.0,0.0
2020-01-06,4.0,9.5,5.5,0.0
2020-01-07,7.3,4.7,4.0,0.8
2020-01-08,1.6,3.6,2.0,1.2
2020-01-09,1.5,2.1,0.4,0.4
2020-01-10,1.5,0.2,1.1,3.1
2020-01-11,0.0,0.0,0.0,0.0
2020-01-12,0.0,0.0,0.0,0.0
2020-01-13,0.4,0.0,0.0,0.0
2020-01-14,1.6,0.0,0.0,0.5
2020-01-15,0.0,0.0,0.0,0.0
2020-01-16,0.0,0.0,0.0,0.0
2020-01-17,0.0,18.0,9.6,52.6
2020-01-18,3.0,7.9,7.3,2.4
2020-01-19,4.0,8.6,0.6,0.0
2020-01-20,3.0,21.8,0.5,0.5
2020-01-21,0.0,2.8,0.0,0.0
2020-01-22,13.7,1.2,0.0,3.0
2020-01-23,2.8,0.3,0.0,0.0
2020-01-24,0.0,0.0,0.0,0.0
2020-01-25,0.0,0.0,0.0,0.0
2020-01-26,0.0,0.0,0.0,0.0
2020-01-27,0.4,5.5,0.0,0.0
2020-01-28,2.6,0.5,0.0,0.0
2020-01-29,0.0,0.5,0.0,0.0
2020-01-30,0.0,1.0,0.0,0.0
2020-01-31,0.4,46.8,1.5,22.0
2020-02-01,0.1,5.2,0.0,0.0
2020-02-02,0.0,4.0,0.0,0.0
2020-02-03,0.0,0.0,0.0,0.0
2020-02-04,0.0,0.0,0.0,0.3
2020-02-05,1.5,7.2,0.5,1.7
2020-02-06,0.9,3.8,0.0,0.0
2020-02-07,1.1,0.0,0.0,0.0
2020-02-08,0.4,0.5,0.0,0.6
2020-02-09,39.8,32.1,1.0,3.9
2020-02-10,13.4,68.0,10.0,12.6
2020-02-11,0.4,12.9,8.4,9.9
2020-02-12,0.4,18.0,1.1,0.9
2020-02-13,0.1,0.5,0.0,40.6
2020-02-14,0.0,0.0,0.0,0.0
2020-02-15,0.0,0.0,0.0,0.0
2020-02-16,0.0,0.0,0.0,0.0
2020-02-17,3.2,17.6,18.6,32.4
2020-02-18,11.2,42.6,1.9,12.6
2020-02-19,1.0,0.8,0.0,0.0
2020-02-20,0.0,1.8,1.0,0.3
2020-02-21,8.1,9.7,1.0,2.2
2020-02-22,2.3,13.5,5.8,0.4
2020-02-23,1.5,3.8,2.5,0.1
2020-02-24,1.6,2.7,0.2,0.0
2020-02-25,0.0,0.0,0.0,0.0
2020-02-26,0.0,0.0,0.0,0.0
2020-02-27,0.5,0.0,0.0,0.0
2020-02-28,0.0,0.0,0.0,0.0
2020-02-29,0.0,0.0,0.0,0.0
2020-03-01,0.0,0.0,0.0,0.0
2020-03-02,0.0,0.0,0.0,0.0
2020-03-03,0.0,0.0,0.0,0.0
2020-03-04,0.0,0.0,0.0,0.4
2020-03-05,10.0,2.5,0.3,6.6
2020-03-06,0.4,0.4,2.7,0.5
2020-03-07,4.6,0.1,0.0,0.0
2020-03-08,0.0,0.0,0.0,0.0
2020-03-09,0.0,0.0,0.0,0.0
2020-03-10,0.0,0.0,0.0,0.0
2020-03-11,0.0,0.0,0.0,0.0
2020-03-12,0.0,0.0,0.0,0.0
2020-03-13,0.0,0.0,0.0,0.0
2020-03-14,0.0,0.0,0.0,0.0
2020-03-15,0.0,0.0,0.0,0.0
2020-03-16,0.0,0.0,0.3,0.0
2020-03-17,1.0,9.5,6.2,0.0
2020-03-18,0.0,0.0,0.0,0.0
2020-03-19,0.0,0.0,0.0,0.0
2020-03-20,0.0,0.0,0.0,0.0
2020-03-21,0.4,0.0,2.1,1.5
2020-03-22,12.5,14.5,22.2,8.0
2020-03-23,19.1,2.5,0.2,0.0
2020-03-24,0.0,0.0,0.0,0.0
2020-03-25,0.0,0.0,0.0,0.0
2020-03-26,0.0,0.0,0.0,0.0
2020-03-27,0.0,0.0,0.0,0.0
2020-03-28,0.0,0.0,0.0,0.0
2020-03-29,0.0,0.0,0.0,0.0
2020-03-30,0.0,0.0,0.0,0.0
2020-03-31,0.0,0.0,0.0,0.0
2020-04-01,0.0,0.0,0.0,0.0
2020-04-02,15.3,21.0,0.5,6.8
2020-04-03,5.5,3.5,0.5,0.2
2020-04-04,3.1,0.4,0.4,0.4
2020-04-05,71.8,14.5,62.8,25.6
2020-04-06,6.7,7.6,9.7,0.0
2020-04-07,0.0,0.0,0.0,0.0
2020-04-08,0.0,0.0,0.0,0.0
2020-04-09,0.0,0.0,0.0,0.0
2020-04-10,0.0,0.0,0.0,0.0
2020-04-11,0.0,0.0,0.0,0.0
2020-04-12,0.0,0.0,0.0,0.0
2020-04-13,0.0,0.0,0.0,0.0
2020-04-14,0.0,0.0,0.0,0.0
2020-04-15,0.0,0.0,0.5,0.0
2020-04-16,0.0,0.0,0.0,0.0
2020-04-17,0.0,0.0,0.0,0.0
2020-04-18,0.0,0.0,0.0,0.0
2020-04-19,0.0,0.0,0.0,0.0
2020-04-20,0.0,0.0,0.0,0.0
2020-04-21,0.4,0.0,0.0,0.0
2020-04-22,2.0,3.8,0.4,18.0
2020-04-23,1.1,2.7,14.1,26.0
2020-04-24,0.4,0.5,0.3,0.0
2020-04-25,15.3,64.4,93.7,29.0
2020-04-26,33.3,9.1,14.9,23.5
2020-04-27,5.5,32.2,27.8,99.9
2020-04-28,6.0,8.4,53.2,47.8
2020-04-29,1.5,2.5,4.5,4.7
2020-04-30,0.4,6.2,1.5,10.9
2020-05-01,6.6,29.8,35.5,1.7
2020-05-02,0.0,0.5,0.0,0.0
2020-05-03,0.0,0.0,0.0,0.0
2020-05-04,0.0,20.0,0.0,0.0
2020-05-05,0.0,0.0,0.0,0.0
2020-05-06,0.0,0.0,0.0,0.0
2020-05-07,0.4,62.0,0.0,0.0
2020-05-08,0.6,5.5,0.5,0.0
2020-05-09,0.0,12.5,0.0,0.0
2020-05-10,0.0,0.0,0.0,0.0
2020-05-11,0.0,16.5,0.0,0.0
2020-05-12,0.0,6.5,0.0,0.0
2020-05-13,0.0,0.0,0.0,0.0
2020-05-14,0.0,56.0,0.0,9.5
2020-05-15,0.0,3.5,0.0,0.5
2020-05-16,0.0,7.5,0.0,0.0
2020-05-17,0.0,9.5,0.0,0.0